experiment,subject,condition,total_trial_num,block_num,image_name,is_right
1A,p150212,low,1,1,low_B_111,1
1A,p150212,low,2,1,low_A_000,1
1A,p150212,low,3,1,low_A_000,1
1A,p150212,low,4,1,low_B_110,1
1A,p150212,low,5,1,low_B_101,0
1A,p150212,low,6,1,low_B_111,1
1A,p150212,low,7,1,low_A_001,0
1A,p150212,low,8,1,low_A_010,1
1A,p150212,low,9,2,low_B_110,1
1A,p150212,low,10,2,low_A_001,1
1A,p150212,low,11,2,low_A_010,1
1A,p150212,low,12,2,low_A_000,1
1A,p150212,low,13,2,low_B_111,1
1A,p150212,low,14,2,low_B_101,0
1A,p150212,low,15,2,low_A_000,1
1A,p150212,low,16,2,low_B_111,1
1A,p150212,low,17,3,low_A_010,1
1A,p150212,low,18,3,low_A_001,1
1A,p150212,low,19,3,low_A_000,1
1A,p150212,low,20,3,low_B_110,1
1A,p150212,low,21,3,low_B_101,1
1A,p150212,low,22,3,low_A_000,1
1A,p150212,low,23,3,low_B_111,1
1A,p150212,low,24,3,low_B_111,1
1A,p157080,low,1,1,low_B_111,1
1A,p157080,low,2,1,low_A_001,1
1A,p157080,low,3,1,low_A_010,0
1A,p157080,low,4,1,low_B_111,1
1A,p157080,low,5,1,low_B_101,0
1A,p157080,low,6,1,low_A_000,0
1A,p157080,low,7,1,low_B_110,1
1A,p157080,low,8,1,low_A_000,1
1A,p157080,low,9,2,low_B_101,0
1A,p157080,low,10,2,low_B_111,1
1A,p157080,low,11,2,low_B_110,1
1A,p157080,low,12,2,low_B_111,1
1A,p157080,low,13,2,low_A_000,1
1A,p157080,low,14,2,low_A_010,0
1A,p157080,low,15,2,low_A_000,1
1A,p157080,low,16,2,low_A_001,1
1A,p157080,low,17,3,low_B_101,0
1A,p157080,low,18,3,low_A_000,1
1A,p157080,low,19,3,low_B_111,1
1A,p157080,low,20,3,low_B_110,1
1A,p157080,low,21,3,low_B_111,1
1A,p157080,low,22,3,low_A_000,1
1A,p157080,low,23,3,low_A_001,1
1A,p157080,low,24,3,low_A_010,0
1A,p191463,low,1,1,low_A_001,1
1A,p191463,low,2,1,low_A_000,1
1A,p191463,low,3,1,low_B_101,1
1A,p191463,low,4,1,low_B_111,1
1A,p191463,low,5,1,low_B_110,1
1A,p191463,low,6,1,low_B_111,1
1A,p191463,low,7,1,low_A_010,1
1A,p191463,low,8,1,low_A_000,1
1A,p191463,low,9,2,low_B_101,1
1A,p191463,low,10,2,low_B_110,1
1A,p191463,low,11,2,low_A_000,1
1A,p191463,low,12,2,low_B_111,1
1A,p191463,low,13,2,low_A_001,1
1A,p191463,low,14,2,low_A_000,1
1A,p191463,low,15,2,low_A_010,1
1A,p191463,low,16,2,low_B_111,1
1A,p191463,low,17,3,low_A_000,1
1A,p191463,low,18,3,low_A_010,1
1A,p191463,low,19,3,low_B_111,1
1A,p191463,low,20,3,low_B_101,1
1A,p191463,low,21,3,low_A_000,1
1A,p191463,low,22,3,low_B_110,1
1A,p191463,low,23,3,low_B_111,0
1A,p191463,low,24,3,low_A_001,1
1A,p20905,high,1,1,high_B_111,1
1A,p20905,high,2,1,high_B_111,1
1A,p20905,high,3,1,high_B_110,1
1A,p20905,high,4,1,high_B_101,0
1A,p20905,high,5,1,high_A_001,1
1A,p20905,high,6,1,high_A_010,1
1A,p20905,high,7,1,high_A_000,1
1A,p20905,high,8,1,high_A_000,1
1A,p20905,high,9,2,high_B_101,1
1A,p20905,high,10,2,high_A_001,1
1A,p20905,high,11,2,high_A_010,1
1A,p20905,high,12,2,high_B_111,1
1A,p20905,high,13,2,high_B_111,1
1A,p20905,high,14,2,high_B_110,1
1A,p20905,high,15,2,high_A_000,1
1A,p20905,high,16,2,high_A_000,1
1A,p20905,high,17,3,high_B_110,1
1A,p20905,high,18,3,high_A_001,1
1A,p20905,high,19,3,high_A_000,1
1A,p20905,high,20,3,high_B_101,1
1A,p20905,high,21,3,high_B_111,1
1A,p20905,high,22,3,high_B_111,1
1A,p20905,high,23,3,high_A_000,1
1A,p20905,high,24,3,high_A_010,1
1A,p213384,high,1,1,high_B_101,1
1A,p213384,high,2,1,high_A_001,1
1A,p213384,high,3,1,high_A_000,1
1A,p213384,high,4,1,high_A_000,1
1A,p213384,high,5,1,high_B_111,1
1A,p213384,high,6,1,high_B_110,1
1A,p213384,high,7,1,high_B_111,1
1A,p213384,high,8,1,high_A_010,1
1A,p213384,high,9,2,high_B_110,1
1A,p213384,high,10,2,high_B_101,1
1A,p213384,high,11,2,high_A_000,1
1A,p213384,high,12,2,high_A_001,1
1A,p213384,high,13,2,high_A_000,1
1A,p213384,high,14,2,high_B_111,1
1A,p213384,high,15,2,high_B_111,1
1A,p213384,high,16,2,high_A_010,1
1A,p213384,high,17,3,high_B_111,1
1A,p213384,high,18,3,high_B_111,1
1A,p213384,high,19,3,high_A_000,1
1A,p213384,high,20,3,high_A_001,1
1A,p213384,high,21,3,high_A_000,1
1A,p213384,high,22,3,high_B_101,1
1A,p213384,high,23,3,high_B_110,1
1A,p213384,high,24,3,high_A_010,1
1A,p25634,low,1,1,low_A_010,1
1A,p25634,low,2,1,low_B_101,0
1A,p25634,low,3,1,low_B_111,0
1A,p25634,low,4,1,low_A_000,1
1A,p25634,low,5,1,low_A_000,1
1A,p25634,low,6,1,low_B_111,0
1A,p25634,low,7,1,low_A_001,1
1A,p25634,low,8,1,low_B_110,0
1A,p25634,low,9,2,low_B_110,1
1A,p25634,low,10,2,low_A_000,0
1A,p25634,low,11,2,low_A_010,0
1A,p25634,low,12,2,low_B_111,1
1A,p25634,low,13,2,low_B_101,1
1A,p25634,low,14,2,low_A_000,0
1A,p25634,low,15,2,low_B_111,1
1A,p25634,low,16,2,low_A_001,1
1A,p25634,low,17,3,low_A_001,1
1A,p25634,low,18,3,low_B_110,1
1A,p25634,low,19,3,low_B_111,1
1A,p25634,low,20,3,low_A_000,1
1A,p25634,low,21,3,low_A_000,1
1A,p25634,low,22,3,low_B_101,0
1A,p25634,low,23,3,low_A_010,1
1A,p25634,low,24,3,low_B_111,1
1A,p269913,low,1,1,low_B_111,0
1A,p269913,low,2,1,low_A_001,0
1A,p269913,low,3,1,low_B_101,0
1A,p269913,low,4,1,low_A_000,1
1A,p269913,low,5,1,low_A_010,1
1A,p269913,low,6,1,low_A_000,1
1A,p269913,low,7,1,low_B_110,0
1A,p269913,low,8,1,low_B_111,1
1A,p269913,low,9,2,low_B_110,1
1A,p269913,low,10,2,low_B_111,1
1A,p269913,low,11,2,low_A_001,0
1A,p269913,low,12,2,low_A_000,1
1A,p269913,low,13,2,low_B_111,1
1A,p269913,low,14,2,low_B_101,0
1A,p269913,low,15,2,low_A_000,0
1A,p269913,low,16,2,low_A_010,1
1A,p269913,low,17,3,low_B_111,0
1A,p269913,low,18,3,low_A_001,0
1A,p269913,low,19,3,low_B_111,0
1A,p269913,low,20,3,low_B_110,1
1A,p269913,low,21,3,low_A_010,0
1A,p269913,low,22,3,low_A_000,1
1A,p269913,low,23,3,low_B_101,0
1A,p269913,low,24,3,low_A_000,0
1A,p270949,low,1,1,low_B_110,0
1A,p270949,low,2,1,low_A_000,1
1A,p270949,low,3,1,low_A_010,0
1A,p270949,low,4,1,low_B_101,1
1A,p270949,low,5,1,low_B_111,1
1A,p270949,low,6,1,low_A_001,1
1A,p270949,low,7,1,low_B_111,1
1A,p270949,low,8,1,low_A_000,1
1A,p270949,low,9,2,low_B_111,1
1A,p270949,low,10,2,low_B_101,1
1A,p270949,low,11,2,low_B_110,1
1A,p270949,low,12,2,low_A_010,1
1A,p270949,low,13,2,low_A_000,1
1A,p270949,low,14,2,low_B_111,1
1A,p270949,low,15,2,low_A_001,1
1A,p270949,low,16,2,low_A_000,1
1A,p270949,low,17,3,low_B_110,1
1A,p270949,low,18,3,low_B_111,1
1A,p270949,low,19,3,low_A_010,1
1A,p270949,low,20,3,low_A_000,1
1A,p270949,low,21,3,low_A_001,1
1A,p270949,low,22,3,low_B_111,1
1A,p270949,low,23,3,low_A_000,1
1A,p270949,low,24,3,low_B_101,1
1A,p299672,high,1,1,high_A_000,0
1A,p299672,high,2,1,high_B_110,1
1A,p299672,high,3,1,high_A_001,1
1A,p299672,high,4,1,high_A_000,1
1A,p299672,high,5,1,high_B_111,1
1A,p299672,high,6,1,high_A_010,1
1A,p299672,high,7,1,high_B_111,1
1A,p299672,high,8,1,high_B_101,0
1A,p299672,high,9,2,high_B_101,0
1A,p299672,high,10,2,high_A_001,1
1A,p299672,high,11,2,high_A_000,1
1A,p299672,high,12,2,high_B_110,1
1A,p299672,high,13,2,high_A_000,1
1A,p299672,high,14,2,high_B_111,1
1A,p299672,high,15,2,high_A_010,1
1A,p299672,high,16,2,high_B_111,1
1A,p299672,high,17,3,high_B_110,1
1A,p299672,high,18,3,high_B_111,1
1A,p299672,high,19,3,high_A_000,1
1A,p299672,high,20,3,high_A_010,1
1A,p299672,high,21,3,high_B_111,1
1A,p299672,high,22,3,high_B_101,0
1A,p299672,high,23,3,high_A_001,1
1A,p299672,high,24,3,high_A_000,1
1A,p329481,low,1,1,low_B_110,0
1A,p329481,low,2,1,low_A_000,1
1A,p329481,low,3,1,low_A_010,1
1A,p329481,low,4,1,low_B_111,1
1A,p329481,low,5,1,low_B_111,1
1A,p329481,low,6,1,low_A_000,1
1A,p329481,low,7,1,low_A_001,1
1A,p329481,low,8,1,low_B_101,1
1A,p329481,low,9,2,low_B_111,1
1A,p329481,low,10,2,low_B_110,0
1A,p329481,low,11,2,low_A_000,1
1A,p329481,low,12,2,low_A_001,0
1A,p329481,low,13,2,low_B_111,1
1A,p329481,low,14,2,low_A_010,1
1A,p329481,low,15,2,low_B_101,1
1A,p329481,low,16,2,low_A_000,1
1A,p329481,low,17,3,low_B_111,1
1A,p329481,low,18,3,low_A_000,1
1A,p329481,low,19,3,low_A_010,0
1A,p329481,low,20,3,low_A_000,0
1A,p329481,low,21,3,low_B_111,1
1A,p329481,low,22,3,low_A_001,0
1A,p329481,low,23,3,low_B_110,1
1A,p329481,low,24,3,low_B_101,1
1A,p335876,low,1,1,low_B_111,1
1A,p335876,low,2,1,low_A_000,1
1A,p335876,low,3,1,low_A_001,1
1A,p335876,low,4,1,low_A_010,0
1A,p335876,low,5,1,low_A_000,0
1A,p335876,low,6,1,low_B_110,1
1A,p335876,low,7,1,low_B_101,1
1A,p335876,low,8,1,low_B_111,1
1A,p335876,low,9,2,low_B_110,1
1A,p335876,low,10,2,low_A_010,1
1A,p335876,low,11,2,low_A_000,1
1A,p335876,low,12,2,low_A_000,1
1A,p335876,low,13,2,low_B_111,1
1A,p335876,low,14,2,low_B_111,1
1A,p335876,low,15,2,low_A_001,1
1A,p335876,low,16,2,low_B_101,1
1A,p335876,low,17,3,low_A_001,1
1A,p335876,low,18,3,low_B_111,1
1A,p335876,low,19,3,low_B_110,1
1A,p335876,low,20,3,low_A_000,1
1A,p335876,low,21,3,low_A_000,1
1A,p335876,low,22,3,low_B_111,1
1A,p335876,low,23,3,low_B_101,0
1A,p335876,low,24,3,low_A_010,1
1A,p359420,high,1,1,high_B_111,0
1A,p359420,high,2,1,high_B_110,0
1A,p359420,high,3,1,high_B_111,1
1A,p359420,high,4,1,high_A_010,0
1A,p359420,high,5,1,high_B_101,1
1A,p359420,high,6,1,high_A_000,1
1A,p359420,high,7,1,high_A_000,1
1A,p359420,high,8,1,high_A_001,1
1A,p359420,high,9,2,high_B_111,1
1A,p359420,high,10,2,high_B_101,0
1A,p359420,high,11,2,high_A_000,1
1A,p359420,high,12,2,high_A_001,1
1A,p359420,high,13,2,high_B_111,1
1A,p359420,high,14,2,high_B_110,1
1A,p359420,high,15,2,high_A_010,1
1A,p359420,high,16,2,high_A_000,1
1A,p359420,high,17,3,high_B_111,1
1A,p359420,high,18,3,high_B_110,1
1A,p359420,high,19,3,high_A_001,1
1A,p359420,high,20,3,high_B_101,1
1A,p359420,high,21,3,high_B_111,1
1A,p359420,high,22,3,high_A_000,1
1A,p359420,high,23,3,high_A_010,1
1A,p359420,high,24,3,high_A_000,1
1A,p382311,high,1,1,high_B_110,1
1A,p382311,high,2,1,high_A_000,1
1A,p382311,high,3,1,high_A_010,0
1A,p382311,high,4,1,high_B_111,0
1A,p382311,high,5,1,high_B_101,1
1A,p382311,high,6,1,high_A_000,1
1A,p382311,high,7,1,high_B_111,1
1A,p382311,high,8,1,high_A_001,1
1A,p382311,high,9,2,high_A_010,0
1A,p382311,high,10,2,high_B_111,1
1A,p382311,high,11,2,high_B_111,1
1A,p382311,high,12,2,high_B_101,0
1A,p382311,high,13,2,high_A_001,1
1A,p382311,high,14,2,high_B_110,1
1A,p382311,high,15,2,high_A_000,1
1A,p382311,high,16,2,high_A_000,1
1A,p382311,high,17,3,high_A_000,1
1A,p382311,high,18,3,high_B_110,1
1A,p382311,high,19,3,high_B_111,1
1A,p382311,high,20,3,high_A_000,1
1A,p382311,high,21,3,high_B_111,1
1A,p382311,high,22,3,high_A_001,1
1A,p382311,high,23,3,high_A_010,0
1A,p382311,high,24,3,high_B_101,0
1A,p382455,high,1,1,high_B_110,1
1A,p382455,high,2,1,high_A_001,1
1A,p382455,high,3,1,high_A_000,1
1A,p382455,high,4,1,high_B_101,1
1A,p382455,high,5,1,high_B_111,1
1A,p382455,high,6,1,high_A_010,0
1A,p382455,high,7,1,high_A_000,1
1A,p382455,high,8,1,high_B_111,1
1A,p382455,high,9,2,high_A_000,1
1A,p382455,high,10,2,high_B_111,1
1A,p382455,high,11,2,high_A_010,0
1A,p382455,high,12,2,high_B_111,1
1A,p382455,high,13,2,high_A_000,1
1A,p382455,high,14,2,high_A_001,1
1A,p382455,high,15,2,high_B_110,1
1A,p382455,high,16,2,high_B_101,1
1A,p382455,high,17,3,high_A_010,1
1A,p382455,high,18,3,high_B_101,1
1A,p382455,high,19,3,high_B_111,1
1A,p382455,high,20,3,high_A_000,1
1A,p382455,high,21,3,high_A_000,1
1A,p382455,high,22,3,high_B_110,1
1A,p382455,high,23,3,high_A_001,1
1A,p382455,high,24,3,high_B_111,1
1A,p445288,high,1,1,high_A_001,0
1A,p445288,high,2,1,high_A_000,1
1A,p445288,high,3,1,high_B_111,1
1A,p445288,high,4,1,high_A_010,0
1A,p445288,high,5,1,high_B_110,1
1A,p445288,high,6,1,high_B_101,0
1A,p445288,high,7,1,high_A_000,1
1A,p445288,high,8,1,high_B_111,1
1A,p445288,high,9,2,high_B_101,0
1A,p445288,high,10,2,high_A_001,1
1A,p445288,high,11,2,high_A_010,0
1A,p445288,high,12,2,high_A_000,0
1A,p445288,high,13,2,high_B_110,1
1A,p445288,high,14,2,high_B_111,1
1A,p445288,high,15,2,high_A_000,1
1A,p445288,high,16,2,high_B_111,1
1A,p445288,high,17,3,high_B_111,0
1A,p445288,high,18,3,high_A_000,1
1A,p445288,high,19,3,high_B_110,1
1A,p445288,high,20,3,high_A_010,1
1A,p445288,high,21,3,high_B_101,0
1A,p445288,high,22,3,high_A_001,1
1A,p445288,high,23,3,high_A_000,1
1A,p445288,high,24,3,high_B_111,1
1A,p451009,low,1,1,low_A_010,1
1A,p451009,low,2,1,low_A_001,0
1A,p451009,low,3,1,low_A_000,0
1A,p451009,low,4,1,low_A_000,1
1A,p451009,low,5,1,low_B_101,0
1A,p451009,low,6,1,low_B_110,1
1A,p451009,low,7,1,low_B_111,1
1A,p451009,low,8,1,low_B_111,1
1A,p451009,low,9,2,low_A_001,1
1A,p451009,low,10,2,low_A_000,1
1A,p451009,low,11,2,low_B_101,0
1A,p451009,low,12,2,low_A_010,0
1A,p451009,low,13,2,low_A_000,1
1A,p451009,low,14,2,low_B_110,0
1A,p451009,low,15,2,low_B_111,1
1A,p451009,low,16,2,low_B_111,1
1A,p451009,low,17,3,low_B_111,1
1A,p451009,low,18,3,low_A_010,1
1A,p451009,low,19,3,low_A_001,1
1A,p451009,low,20,3,low_A_000,1
1A,p451009,low,21,3,low_B_111,1
1A,p451009,low,22,3,low_B_101,1
1A,p451009,low,23,3,low_B_110,1
1A,p451009,low,24,3,low_A_000,1
1A,p454103,high,1,1,high_B_101,1
1A,p454103,high,2,1,high_A_000,0
1A,p454103,high,3,1,high_B_110,1
1A,p454103,high,4,1,high_A_001,1
1A,p454103,high,5,1,high_A_010,1
1A,p454103,high,6,1,high_B_111,1
1A,p454103,high,7,1,high_A_000,1
1A,p454103,high,8,1,high_B_111,1
1A,p454103,high,9,2,high_A_000,1
1A,p454103,high,10,2,high_B_111,1
1A,p454103,high,11,2,high_B_101,0
1A,p454103,high,12,2,high_B_110,1
1A,p454103,high,13,2,high_A_010,0
1A,p454103,high,14,2,high_B_111,0
1A,p454103,high,15,2,high_A_000,1
1A,p454103,high,16,2,high_A_001,1
1A,p454103,high,17,3,high_A_010,1
1A,p454103,high,18,3,high_B_110,1
1A,p454103,high,19,3,high_A_000,1
1A,p454103,high,20,3,high_B_111,1
1A,p454103,high,21,3,high_B_101,0
1A,p454103,high,22,3,high_A_001,1
1A,p454103,high,23,3,high_A_000,1
1A,p454103,high,24,3,high_B_111,1
1A,p454214,low,1,1,low_A_000,1
1A,p454214,low,2,1,low_B_110,1
1A,p454214,low,3,1,low_A_001,1
1A,p454214,low,4,1,low_B_101,0
1A,p454214,low,5,1,low_B_111,1
1A,p454214,low,6,1,low_A_000,1
1A,p454214,low,7,1,low_B_111,1
1A,p454214,low,8,1,low_A_010,1
1A,p454214,low,9,2,low_B_110,1
1A,p454214,low,10,2,low_A_000,1
1A,p454214,low,11,2,low_B_101,1
1A,p454214,low,12,2,low_A_001,1
1A,p454214,low,13,2,low_B_111,1
1A,p454214,low,14,2,low_A_010,1
1A,p454214,low,15,2,low_A_000,1
1A,p454214,low,16,2,low_B_111,1
1A,p454214,low,17,3,low_B_111,1
1A,p454214,low,18,3,low_A_000,1
1A,p454214,low,19,3,low_A_000,1
1A,p454214,low,20,3,low_B_111,1
1A,p454214,low,21,3,low_A_001,1
1A,p454214,low,22,3,low_B_110,1
1A,p454214,low,23,3,low_B_101,0
1A,p454214,low,24,3,low_A_010,1
1A,p457572,high,1,1,high_B_101,0
1A,p457572,high,2,1,high_A_001,0
1A,p457572,high,3,1,high_A_010,1
1A,p457572,high,4,1,high_B_111,1
1A,p457572,high,5,1,high_B_110,1
1A,p457572,high,6,1,high_A_000,1
1A,p457572,high,7,1,high_A_000,1
1A,p457572,high,8,1,high_B_111,1
1A,p457572,high,9,2,high_A_001,1
1A,p457572,high,10,2,high_A_000,1
1A,p457572,high,11,2,high_A_010,1
1A,p457572,high,12,2,high_B_111,1
1A,p457572,high,13,2,high_B_101,1
1A,p457572,high,14,2,high_A_000,1
1A,p457572,high,15,2,high_B_110,1
1A,p457572,high,16,2,high_B_111,1
1A,p457572,high,17,3,high_A_010,1
1A,p457572,high,18,3,high_B_111,1
1A,p457572,high,19,3,high_A_000,1
1A,p457572,high,20,3,high_B_111,1
1A,p457572,high,21,3,high_A_000,1
1A,p457572,high,22,3,high_A_001,1
1A,p457572,high,23,3,high_B_110,1
1A,p457572,high,24,3,high_B_101,1
1A,p461893,high,1,1,high_B_111,1
1A,p461893,high,2,1,high_B_110,1
1A,p461893,high,3,1,high_A_001,1
1A,p461893,high,4,1,high_A_010,1
1A,p461893,high,5,1,high_A_000,1
1A,p461893,high,6,1,high_B_101,1
1A,p461893,high,7,1,high_B_111,1
1A,p461893,high,8,1,high_A_000,1
1A,p461893,high,9,2,high_B_111,1
1A,p461893,high,10,2,high_B_110,0
1A,p461893,high,11,2,high_A_010,0
1A,p461893,high,12,2,high_A_001,1
1A,p461893,high,13,2,high_B_101,1
1A,p461893,high,14,2,high_A_000,1
1A,p461893,high,15,2,high_A_000,1
1A,p461893,high,16,2,high_B_111,1
1A,p461893,high,17,3,high_A_001,0
1A,p461893,high,18,3,high_A_010,1
1A,p461893,high,19,3,high_A_000,1
1A,p461893,high,20,3,high_B_111,1
1A,p461893,high,21,3,high_B_111,1
1A,p461893,high,22,3,high_B_101,1
1A,p461893,high,23,3,high_B_110,0
1A,p461893,high,24,3,high_A_000,1
1A,p464208,high,1,1,high_A_010,0
1A,p464208,high,2,1,high_B_101,1
1A,p464208,high,3,1,high_B_111,0
1A,p464208,high,4,1,high_A_000,1
1A,p464208,high,5,1,high_A_000,1
1A,p464208,high,6,1,high_B_110,0
1A,p464208,high,7,1,high_A_001,0
1A,p464208,high,8,1,high_B_111,1
1A,p464208,high,9,2,high_A_001,1
1A,p464208,high,10,2,high_B_101,1
1A,p464208,high,11,2,high_B_110,0
1A,p464208,high,12,2,high_B_111,1
1A,p464208,high,13,2,high_A_000,1
1A,p464208,high,14,2,high_A_000,1
1A,p464208,high,15,2,high_B_111,1
1A,p464208,high,16,2,high_A_010,1
1A,p464208,high,17,3,high_A_000,1
1A,p464208,high,18,3,high_A_000,1
1A,p464208,high,19,3,high_A_010,1
1A,p464208,high,20,3,high_B_101,1
1A,p464208,high,21,3,high_A_001,1
1A,p464208,high,22,3,high_B_110,1
1A,p464208,high,23,3,high_B_111,1
1A,p464208,high,24,3,high_B_111,1
1A,p475749,low,1,1,low_A_001,0
1A,p475749,low,2,1,low_A_000,1
1A,p475749,low,3,1,low_A_010,1
1A,p475749,low,4,1,low_B_101,0
1A,p475749,low,5,1,low_B_110,0
1A,p475749,low,6,1,low_A_000,1
1A,p475749,low,7,1,low_B_111,1
1A,p475749,low,8,1,low_B_111,1
1A,p475749,low,9,2,low_A_000,1
1A,p475749,low,10,2,low_B_111,1
1A,p475749,low,11,2,low_A_001,1
1A,p475749,low,12,2,low_B_111,1
1A,p475749,low,13,2,low_B_101,1
1A,p475749,low,14,2,low_B_110,1
1A,p475749,low,15,2,low_A_010,1
1A,p475749,low,16,2,low_A_000,1
1A,p475749,low,17,3,low_A_001,1
1A,p475749,low,18,3,low_A_000,1
1A,p475749,low,19,3,low_A_000,1
1A,p475749,low,20,3,low_B_111,1
1A,p475749,low,21,3,low_B_110,1
1A,p475749,low,22,3,low_A_010,1
1A,p475749,low,23,3,low_B_101,1
1A,p475749,low,24,3,low_B_111,1
1A,p490605,low,1,1,low_B_110,1
1A,p490605,low,2,1,low_B_111,0
1A,p490605,low,3,1,low_A_001,1
1A,p490605,low,4,1,low_A_000,1
1A,p490605,low,5,1,low_A_010,1
1A,p490605,low,6,1,low_A_000,1
1A,p490605,low,7,1,low_B_101,0
1A,p490605,low,8,1,low_B_111,1
1A,p490605,low,9,2,low_A_000,0
1A,p490605,low,10,2,low_A_010,0
1A,p490605,low,11,2,low_B_110,0
1A,p490605,low,12,2,low_A_000,0
1A,p490605,low,13,2,low_B_101,1
1A,p490605,low,14,2,low_B_111,1
1A,p490605,low,15,2,low_B_111,1
1A,p490605,low,16,2,low_A_001,0
1A,p490605,low,17,3,low_B_111,1
1A,p490605,low,18,3,low_A_000,1
1A,p490605,low,19,3,low_A_000,1
1A,p490605,low,20,3,low_B_111,0
1A,p490605,low,21,3,low_A_001,0
1A,p490605,low,22,3,low_B_110,1
1A,p490605,low,23,3,low_A_010,0
1A,p490605,low,24,3,low_B_101,1
1A,p511864,low,1,1,low_A_000,1
1A,p511864,low,2,1,low_A_000,1
1A,p511864,low,3,1,low_B_110,1
1A,p511864,low,4,1,low_A_010,0
1A,p511864,low,5,1,low_A_001,0
1A,p511864,low,6,1,low_B_111,1
1A,p511864,low,7,1,low_B_101,0
1A,p511864,low,8,1,low_B_111,1
1A,p511864,low,9,2,low_A_000,0
1A,p511864,low,10,2,low_A_001,0
1A,p511864,low,11,2,low_A_000,0
1A,p511864,low,12,2,low_B_110,1
1A,p511864,low,13,2,low_A_010,0
1A,p511864,low,14,2,low_B_101,1
1A,p511864,low,15,2,low_B_111,0
1A,p511864,low,16,2,low_B_111,0
1A,p511864,low,17,3,low_B_111,1
1A,p511864,low,18,3,low_A_000,1
1A,p511864,low,19,3,low_B_101,0
1A,p511864,low,20,3,low_A_000,0
1A,p511864,low,21,3,low_B_111,0
1A,p511864,low,22,3,low_B_110,1
1A,p511864,low,23,3,low_A_010,0
1A,p511864,low,24,3,low_A_001,1
1A,p515928,low,1,1,low_B_110,0
1A,p515928,low,2,1,low_A_000,1
1A,p515928,low,3,1,low_A_000,1
1A,p515928,low,4,1,low_A_001,0
1A,p515928,low,5,1,low_A_010,1
1A,p515928,low,6,1,low_B_111,0
1A,p515928,low,7,1,low_B_111,1
1A,p515928,low,8,1,low_B_101,1
1A,p515928,low,9,2,low_B_111,1
1A,p515928,low,10,2,low_A_001,0
1A,p515928,low,11,2,low_B_111,0
1A,p515928,low,12,2,low_A_010,1
1A,p515928,low,13,2,low_B_101,0
1A,p515928,low,14,2,low_B_110,1
1A,p515928,low,15,2,low_A_000,0
1A,p515928,low,16,2,low_A_000,0
1A,p515928,low,17,3,low_B_101,0
1A,p515928,low,18,3,low_A_000,0
1A,p515928,low,19,3,low_B_111,0
1A,p515928,low,20,3,low_A_000,0
1A,p515928,low,21,3,low_B_110,0
1A,p515928,low,22,3,low_A_001,0
1A,p515928,low,23,3,low_A_010,1
1A,p515928,low,24,3,low_B_111,1
1A,p516446,high,1,1,high_A_010,0
1A,p516446,high,2,1,high_B_111,0
1A,p516446,high,3,1,high_A_000,1
1A,p516446,high,4,1,high_B_101,1
1A,p516446,high,5,1,high_A_000,1
1A,p516446,high,6,1,high_B_110,0
1A,p516446,high,7,1,high_A_001,1
1A,p516446,high,8,1,high_B_111,1
1A,p516446,high,9,2,high_A_000,1
1A,p516446,high,10,2,high_B_111,1
1A,p516446,high,11,2,high_A_000,1
1A,p516446,high,12,2,high_B_101,1
1A,p516446,high,13,2,high_B_111,1
1A,p516446,high,14,2,high_A_001,0
1A,p516446,high,15,2,high_B_110,1
1A,p516446,high,16,2,high_A_010,1
1A,p516446,high,17,3,high_A_000,1
1A,p516446,high,18,3,high_B_110,1
1A,p516446,high,19,3,high_A_001,1
1A,p516446,high,20,3,high_A_010,1
1A,p516446,high,21,3,high_B_101,1
1A,p516446,high,22,3,high_A_000,1
1A,p516446,high,23,3,high_B_111,1
1A,p516446,high,24,3,high_B_111,1
1A,p532838,high,1,1,high_A_010,0
1A,p532838,high,2,1,high_B_111,1
1A,p532838,high,3,1,high_A_001,1
1A,p532838,high,4,1,high_A_000,1
1A,p532838,high,5,1,high_A_000,1
1A,p532838,high,6,1,high_B_111,1
1A,p532838,high,7,1,high_B_110,1
1A,p532838,high,8,1,high_B_101,1
1A,p532838,high,9,2,high_A_000,1
1A,p532838,high,10,2,high_B_111,1
1A,p532838,high,11,2,high_A_010,1
1A,p532838,high,12,2,high_A_001,0
1A,p532838,high,13,2,high_A_000,1
1A,p532838,high,14,2,high_B_110,1
1A,p532838,high,15,2,high_B_111,1
1A,p532838,high,16,2,high_B_101,1
1A,p532838,high,17,3,high_A_001,1
1A,p532838,high,18,3,high_A_010,1
1A,p532838,high,19,3,high_B_111,1
1A,p532838,high,20,3,high_B_111,1
1A,p532838,high,21,3,high_B_110,1
1A,p532838,high,22,3,high_A_000,1
1A,p532838,high,23,3,high_A_000,1
1A,p532838,high,24,3,high_B_101,1
1A,p541886,low,1,1,low_B_101,0
1A,p541886,low,2,1,low_A_010,0
1A,p541886,low,3,1,low_A_001,0
1A,p541886,low,4,1,low_B_110,0
1A,p541886,low,5,1,low_B_111,0
1A,p541886,low,6,1,low_A_000,0
1A,p541886,low,7,1,low_A_000,0
1A,p541886,low,8,1,low_B_111,1
1A,p541886,low,9,2,low_A_001,0
1A,p541886,low,10,2,low_A_000,0
1A,p541886,low,11,2,low_B_111,1
1A,p541886,low,12,2,low_A_000,0
1A,p541886,low,13,2,low_B_101,1
1A,p541886,low,14,2,low_B_110,1
1A,p541886,low,15,2,low_B_111,0
1A,p541886,low,16,2,low_A_010,0
1A,p541886,low,17,3,low_A_000,0
1A,p541886,low,18,3,low_A_010,1
1A,p541886,low,19,3,low_B_110,0
1A,p541886,low,20,3,low_B_101,0
1A,p541886,low,21,3,low_A_000,0
1A,p541886,low,22,3,low_B_111,1
1A,p541886,low,23,3,low_A_001,1
1A,p541886,low,24,3,low_B_111,1
1A,p551916,low,1,1,low_A_010,1
1A,p551916,low,2,1,low_A_000,0
1A,p551916,low,3,1,low_B_111,0
1A,p551916,low,4,1,low_B_110,0
1A,p551916,low,5,1,low_A_000,0
1A,p551916,low,6,1,low_A_001,1
1A,p551916,low,7,1,low_B_101,0
1A,p551916,low,8,1,low_B_111,1
1A,p551916,low,9,2,low_A_000,0
1A,p551916,low,10,2,low_A_010,0
1A,p551916,low,11,2,low_A_000,0
1A,p551916,low,12,2,low_A_001,1
1A,p551916,low,13,2,low_B_101,1
1A,p551916,low,14,2,low_B_111,1
1A,p551916,low,15,2,low_B_110,0
1A,p551916,low,16,2,low_B_111,0
1A,p551916,low,17,3,low_B_110,0
1A,p551916,low,18,3,low_B_101,0
1A,p551916,low,19,3,low_B_111,1
1A,p551916,low,20,3,low_A_000,1
1A,p551916,low,21,3,low_B_111,1
1A,p551916,low,22,3,low_A_001,1
1A,p551916,low,23,3,low_A_000,0
1A,p551916,low,24,3,low_A_010,0
1A,p590566,high,1,1,high_B_110,0
1A,p590566,high,2,1,high_B_111,1
1A,p590566,high,3,1,high_B_111,1
1A,p590566,high,4,1,high_A_001,0
1A,p590566,high,5,1,high_B_101,1
1A,p590566,high,6,1,high_A_010,1
1A,p590566,high,7,1,high_A_000,1
1A,p590566,high,8,1,high_A_000,1
1A,p590566,high,9,2,high_A_001,0
1A,p590566,high,10,2,high_B_110,0
1A,p590566,high,11,2,high_B_111,1
1A,p590566,high,12,2,high_B_101,1
1A,p590566,high,13,2,high_A_010,1
1A,p590566,high,14,2,high_A_000,1
1A,p590566,high,15,2,high_B_111,1
1A,p590566,high,16,2,high_A_000,1
1A,p590566,high,17,3,high_A_010,1
1A,p590566,high,18,3,high_A_001,0
1A,p590566,high,19,3,high_B_110,0
1A,p590566,high,20,3,high_A_000,1
1A,p590566,high,21,3,high_B_101,1
1A,p590566,high,22,3,high_A_000,1
1A,p590566,high,23,3,high_B_111,1
1A,p590566,high,24,3,high_B_111,1
1A,p590888,high,1,1,high_A_001,1
1A,p590888,high,2,1,high_A_010,1
1A,p590888,high,3,1,high_B_110,0
1A,p590888,high,4,1,high_A_000,1
1A,p590888,high,5,1,high_B_111,1
1A,p590888,high,6,1,high_B_111,1
1A,p590888,high,7,1,high_A_000,1
1A,p590888,high,8,1,high_B_101,1
1A,p590888,high,9,2,high_A_001,1
1A,p590888,high,10,2,high_A_000,1
1A,p590888,high,11,2,high_B_101,1
1A,p590888,high,12,2,high_A_000,1
1A,p590888,high,13,2,high_B_111,1
1A,p590888,high,14,2,high_A_010,1
1A,p590888,high,15,2,high_B_110,1
1A,p590888,high,16,2,high_B_111,1
1A,p590888,high,17,3,high_B_111,1
1A,p590888,high,18,3,high_A_000,1
1A,p590888,high,19,3,high_B_111,1
1A,p590888,high,20,3,high_A_001,1
1A,p590888,high,21,3,high_B_101,1
1A,p590888,high,22,3,high_B_110,1
1A,p590888,high,23,3,high_A_010,1
1A,p590888,high,24,3,high_A_000,1
1A,p603987,high,1,1,high_B_110,0
1A,p603987,high,2,1,high_A_001,1
1A,p603987,high,3,1,high_B_111,1
1A,p603987,high,4,1,high_A_000,1
1A,p603987,high,5,1,high_B_101,0
1A,p603987,high,6,1,high_A_010,0
1A,p603987,high,7,1,high_A_000,1
1A,p603987,high,8,1,high_B_111,1
1A,p603987,high,9,2,high_B_111,1
1A,p603987,high,10,2,high_B_111,1
1A,p603987,high,11,2,high_A_010,1
1A,p603987,high,12,2,high_B_101,1
1A,p603987,high,13,2,high_A_000,1
1A,p603987,high,14,2,high_A_000,1
1A,p603987,high,15,2,high_A_001,0
1A,p603987,high,16,2,high_B_110,1
1A,p603987,high,17,3,high_B_110,1
1A,p603987,high,18,3,high_B_101,1
1A,p603987,high,19,3,high_B_111,1
1A,p603987,high,20,3,high_A_001,1
1A,p603987,high,21,3,high_A_000,1
1A,p603987,high,22,3,high_A_000,1
1A,p603987,high,23,3,high_B_111,1
1A,p603987,high,24,3,high_A_010,1
1A,p636965,low,1,1,low_B_110,0
1A,p636965,low,2,1,low_A_001,0
1A,p636965,low,3,1,low_A_000,1
1A,p636965,low,4,1,low_B_111,0
1A,p636965,low,5,1,low_A_000,0
1A,p636965,low,6,1,low_B_111,0
1A,p636965,low,7,1,low_B_101,0
1A,p636965,low,8,1,low_A_010,1
1A,p636965,low,9,2,low_B_111,0
1A,p636965,low,10,2,low_A_010,1
1A,p636965,low,11,2,low_A_001,0
1A,p636965,low,12,2,low_B_101,0
1A,p636965,low,13,2,low_A_000,1
1A,p636965,low,14,2,low_A_000,1
1A,p636965,low,15,2,low_B_110,1
1A,p636965,low,16,2,low_B_111,1
1A,p636965,low,17,3,low_B_110,0
1A,p636965,low,18,3,low_A_000,1
1A,p636965,low,19,3,low_A_010,0
1A,p636965,low,20,3,low_B_101,1
1A,p636965,low,21,3,low_B_111,0
1A,p636965,low,22,3,low_A_001,1
1A,p636965,low,23,3,low_B_111,1
1A,p636965,low,24,3,low_A_000,1
1A,p653924,high,1,1,high_A_000,1
1A,p653924,high,2,1,high_A_000,1
1A,p653924,high,3,1,high_B_111,1
1A,p653924,high,4,1,high_B_110,0
1A,p653924,high,5,1,high_A_001,1
1A,p653924,high,6,1,high_B_111,1
1A,p653924,high,7,1,high_A_010,1
1A,p653924,high,8,1,high_B_101,1
1A,p653924,high,9,2,high_B_110,1
1A,p653924,high,10,2,high_A_000,1
1A,p653924,high,11,2,high_A_000,1
1A,p653924,high,12,2,high_B_111,1
1A,p653924,high,13,2,high_B_101,1
1A,p653924,high,14,2,high_B_111,1
1A,p653924,high,15,2,high_A_010,1
1A,p653924,high,16,2,high_A_001,1
1A,p653924,high,17,3,high_B_111,1
1A,p653924,high,18,3,high_B_110,1
1A,p653924,high,19,3,high_B_101,1
1A,p653924,high,20,3,high_A_000,1
1A,p653924,high,21,3,high_A_001,1
1A,p653924,high,22,3,high_B_111,1
1A,p653924,high,23,3,high_A_000,1
1A,p653924,high,24,3,high_A_010,1
1A,p705771,high,1,1,high_A_010,1
1A,p705771,high,2,1,high_A_000,0
1A,p705771,high,3,1,high_B_111,0
1A,p705771,high,4,1,high_B_110,0
1A,p705771,high,5,1,high_A_001,1
1A,p705771,high,6,1,high_B_111,0
1A,p705771,high,7,1,high_B_101,1
1A,p705771,high,8,1,high_A_000,1
1A,p705771,high,9,2,high_B_111,1
1A,p705771,high,10,2,high_B_111,0
1A,p705771,high,11,2,high_A_000,1
1A,p705771,high,12,2,high_B_101,1
1A,p705771,high,13,2,high_B_110,0
1A,p705771,high,14,2,high_A_001,1
1A,p705771,high,15,2,high_A_010,0
1A,p705771,high,16,2,high_A_000,1
1A,p705771,high,17,3,high_B_111,0
1A,p705771,high,18,3,high_A_001,0
1A,p705771,high,19,3,high_A_000,1
1A,p705771,high,20,3,high_B_101,1
1A,p705771,high,21,3,high_A_000,1
1A,p705771,high,22,3,high_B_111,0
1A,p705771,high,23,3,high_B_110,0
1A,p705771,high,24,3,high_A_010,1
1A,p732251,high,1,1,high_A_000,1
1A,p732251,high,2,1,high_B_111,1
1A,p732251,high,3,1,high_A_000,1
1A,p732251,high,4,1,high_A_010,1
1A,p732251,high,5,1,high_B_101,1
1A,p732251,high,6,1,high_B_110,0
1A,p732251,high,7,1,high_B_111,1
1A,p732251,high,8,1,high_A_001,1
1A,p732251,high,9,2,high_A_010,1
1A,p732251,high,10,2,high_A_000,1
1A,p732251,high,11,2,high_B_111,1
1A,p732251,high,12,2,high_A_001,1
1A,p732251,high,13,2,high_A_000,1
1A,p732251,high,14,2,high_B_101,1
1A,p732251,high,15,2,high_B_110,1
1A,p732251,high,16,2,high_B_111,1
1A,p732251,high,17,3,high_A_001,1
1A,p732251,high,18,3,high_B_110,1
1A,p732251,high,19,3,high_A_000,1
1A,p732251,high,20,3,high_A_010,1
1A,p732251,high,21,3,high_B_111,1
1A,p732251,high,22,3,high_A_000,1
1A,p732251,high,23,3,high_B_111,1
1A,p732251,high,24,3,high_B_101,1
1A,p733783,low,1,1,low_A_001,1
1A,p733783,low,2,1,low_A_000,1
1A,p733783,low,3,1,low_B_101,0
1A,p733783,low,4,1,low_B_110,0
1A,p733783,low,5,1,low_B_111,1
1A,p733783,low,6,1,low_A_010,0
1A,p733783,low,7,1,low_B_111,0
1A,p733783,low,8,1,low_A_000,1
1A,p733783,low,9,2,low_B_111,1
1A,p733783,low,10,2,low_B_110,1
1A,p733783,low,11,2,low_A_000,1
1A,p733783,low,12,2,low_A_010,0
1A,p733783,low,13,2,low_A_000,1
1A,p733783,low,14,2,low_A_001,1
1A,p733783,low,15,2,low_B_101,0
1A,p733783,low,16,2,low_B_111,1
1A,p733783,low,17,3,low_B_111,1
1A,p733783,low,18,3,low_B_110,1
1A,p733783,low,19,3,low_A_010,0
1A,p733783,low,20,3,low_A_000,1
1A,p733783,low,21,3,low_A_000,1
1A,p733783,low,22,3,low_B_111,1
1A,p733783,low,23,3,low_A_001,1
1A,p733783,low,24,3,low_B_101,0
1A,p774924,low,1,1,low_A_000,0
1A,p774924,low,2,1,low_A_001,0
1A,p774924,low,3,1,low_B_101,1
1A,p774924,low,4,1,low_A_010,1
1A,p774924,low,5,1,low_B_111,0
1A,p774924,low,6,1,low_B_111,1
1A,p774924,low,7,1,low_A_000,1
1A,p774924,low,8,1,low_B_110,1
1A,p774924,low,9,2,low_B_110,1
1A,p774924,low,10,2,low_B_101,0
1A,p774924,low,11,2,low_A_001,0
1A,p774924,low,12,2,low_B_111,1
1A,p774924,low,13,2,low_A_000,1
1A,p774924,low,14,2,low_A_000,1
1A,p774924,low,15,2,low_A_010,1
1A,p774924,low,16,2,low_B_111,1
1A,p774924,low,17,3,low_B_111,1
1A,p774924,low,18,3,low_B_101,1
1A,p774924,low,19,3,low_A_000,1
1A,p774924,low,20,3,low_B_110,1
1A,p774924,low,21,3,low_B_111,1
1A,p774924,low,22,3,low_A_010,1
1A,p774924,low,23,3,low_A_001,1
1A,p774924,low,24,3,low_A_000,1
1A,p775527,low,1,1,low_B_111,0
1A,p775527,low,2,1,low_B_101,0
1A,p775527,low,3,1,low_A_010,0
1A,p775527,low,4,1,low_B_110,0
1A,p775527,low,5,1,low_A_000,1
1A,p775527,low,6,1,low_A_000,1
1A,p775527,low,7,1,low_B_111,0
1A,p775527,low,8,1,low_A_001,1
1A,p775527,low,9,2,low_A_000,1
1A,p775527,low,10,2,low_B_101,0
1A,p775527,low,11,2,low_A_000,1
1A,p775527,low,12,2,low_B_111,1
1A,p775527,low,13,2,low_A_001,1
1A,p775527,low,14,2,low_B_110,0
1A,p775527,low,15,2,low_B_111,0
1A,p775527,low,16,2,low_A_010,0
1A,p775527,low,17,3,low_A_010,1
1A,p775527,low,18,3,low_A_000,1
1A,p775527,low,19,3,low_A_000,1
1A,p775527,low,20,3,low_A_001,0
1A,p775527,low,21,3,low_B_111,0
1A,p775527,low,22,3,low_B_111,1
1A,p775527,low,23,3,low_B_101,1
1A,p775527,low,24,3,low_B_110,0
1A,p797315,low,1,1,low_B_111,0
1A,p797315,low,2,1,low_A_000,1
1A,p797315,low,3,1,low_A_010,0
1A,p797315,low,4,1,low_B_101,1
1A,p797315,low,5,1,low_A_000,1
1A,p797315,low,6,1,low_B_111,0
1A,p797315,low,7,1,low_A_001,1
1A,p797315,low,8,1,low_B_110,1
1A,p797315,low,9,2,low_A_000,1
1A,p797315,low,10,2,low_B_111,1
1A,p797315,low,11,2,low_B_101,0
1A,p797315,low,12,2,low_B_111,1
1A,p797315,low,13,2,low_B_110,1
1A,p797315,low,14,2,low_A_000,1
1A,p797315,low,15,2,low_A_010,0
1A,p797315,low,16,2,low_A_001,1
1A,p797315,low,17,3,low_A_001,1
1A,p797315,low,18,3,low_B_110,1
1A,p797315,low,19,3,low_B_101,1
1A,p797315,low,20,3,low_B_111,1
1A,p797315,low,21,3,low_A_000,1
1A,p797315,low,22,3,low_B_111,1
1A,p797315,low,23,3,low_A_000,1
1A,p797315,low,24,3,low_A_010,1
1A,p83212,high,1,1,high_B_110,0
1A,p83212,high,2,1,high_A_000,0
1A,p83212,high,3,1,high_A_001,1
1A,p83212,high,4,1,high_B_111,1
1A,p83212,high,5,1,high_B_101,0
1A,p83212,high,6,1,high_A_010,0
1A,p83212,high,7,1,high_B_111,1
1A,p83212,high,8,1,high_A_000,1
1A,p83212,high,9,2,high_A_001,1
1A,p83212,high,10,2,high_A_000,1
1A,p83212,high,11,2,high_B_111,1
1A,p83212,high,12,2,high_A_010,1
1A,p83212,high,13,2,high_B_110,1
1A,p83212,high,14,2,high_B_111,1
1A,p83212,high,15,2,high_A_000,1
1A,p83212,high,16,2,high_B_101,1
1A,p83212,high,17,3,high_B_111,1
1A,p83212,high,18,3,high_A_010,1
1A,p83212,high,19,3,high_A_001,1
1A,p83212,high,20,3,high_B_110,1
1A,p83212,high,21,3,high_B_101,1
1A,p83212,high,22,3,high_A_000,1
1A,p83212,high,23,3,high_A_000,1
1A,p83212,high,24,3,high_B_111,1
1A,p84535,high,1,1,high_B_101,1
1A,p84535,high,2,1,high_A_010,0
1A,p84535,high,3,1,high_B_110,1
1A,p84535,high,4,1,high_B_111,1
1A,p84535,high,5,1,high_A_000,1
1A,p84535,high,6,1,high_A_000,1
1A,p84535,high,7,1,high_B_111,1
1A,p84535,high,8,1,high_A_001,1
1A,p84535,high,9,2,high_B_111,1
1A,p84535,high,10,2,high_B_111,1
1A,p84535,high,11,2,high_A_000,1
1A,p84535,high,12,2,high_B_101,1
1A,p84535,high,13,2,high_A_001,1
1A,p84535,high,14,2,high_B_110,1
1A,p84535,high,15,2,high_A_010,1
1A,p84535,high,16,2,high_A_000,1
1A,p84535,high,17,3,high_B_111,1
1A,p84535,high,18,3,high_A_001,1
1A,p84535,high,19,3,high_A_000,1
1A,p84535,high,20,3,high_A_010,1
1A,p84535,high,21,3,high_A_000,1
1A,p84535,high,22,3,high_B_110,1
1A,p84535,high,23,3,high_B_111,1
1A,p84535,high,24,3,high_B_101,1
1A,p870430,high,1,1,high_A_001,0
1A,p870430,high,2,1,high_B_101,0
1A,p870430,high,3,1,high_B_111,0
1A,p870430,high,4,1,high_A_000,1
1A,p870430,high,5,1,high_A_000,1
1A,p870430,high,6,1,high_B_111,0
1A,p870430,high,7,1,high_A_010,1
1A,p870430,high,8,1,high_B_110,1
1A,p870430,high,9,2,high_A_000,0
1A,p870430,high,10,2,high_A_010,1
1A,p870430,high,11,2,high_B_111,0
1A,p870430,high,12,2,high_B_101,1
1A,p870430,high,13,2,high_B_110,0
1A,p870430,high,14,2,high_B_111,0
1A,p870430,high,15,2,high_A_000,1
1A,p870430,high,16,2,high_A_001,1
1A,p870430,high,17,3,high_A_000,1
1A,p870430,high,18,3,high_A_001,1
1A,p870430,high,19,3,high_A_010,0
1A,p870430,high,20,3,high_B_101,1
1A,p870430,high,21,3,high_B_110,0
1A,p870430,high,22,3,high_B_111,0
1A,p870430,high,23,3,high_A_000,0
1A,p870430,high,24,3,high_B_111,1
1A,p884210,low,1,1,low_A_000,1
1A,p884210,low,2,1,low_B_111,1
1A,p884210,low,3,1,low_B_101,1
1A,p884210,low,4,1,low_B_110,0
1A,p884210,low,5,1,low_A_010,0
1A,p884210,low,6,1,low_A_000,1
1A,p884210,low,7,1,low_B_111,1
1A,p884210,low,8,1,low_A_001,0
1A,p884210,low,9,2,low_A_010,1
1A,p884210,low,10,2,low_B_110,1
1A,p884210,low,11,2,low_B_101,1
1A,p884210,low,12,2,low_B_111,1
1A,p884210,low,13,2,low_A_000,1
1A,p884210,low,14,2,low_A_001,1
1A,p884210,low,15,2,low_A_000,1
1A,p884210,low,16,2,low_B_111,1
1A,p884210,low,17,3,low_B_110,1
1A,p884210,low,18,3,low_B_111,1
1A,p884210,low,19,3,low_A_001,1
1A,p884210,low,20,3,low_A_000,1
1A,p884210,low,21,3,low_A_010,1
1A,p884210,low,22,3,low_A_000,1
1A,p884210,low,23,3,low_B_101,1
1A,p884210,low,24,3,low_B_111,1
1A,p895820,low,1,1,low_B_111,1
1A,p895820,low,2,1,low_A_000,1
1A,p895820,low,3,1,low_A_000,1
1A,p895820,low,4,1,low_B_111,1
1A,p895820,low,5,1,low_B_101,0
1A,p895820,low,6,1,low_A_010,0
1A,p895820,low,7,1,low_A_001,0
1A,p895820,low,8,1,low_B_110,1
1A,p895820,low,9,2,low_B_111,1
1A,p895820,low,10,2,low_B_111,1
1A,p895820,low,11,2,low_A_010,0
1A,p895820,low,12,2,low_A_000,1
1A,p895820,low,13,2,low_A_000,1
1A,p895820,low,14,2,low_B_110,0
1A,p895820,low,15,2,low_A_001,1
1A,p895820,low,16,2,low_B_101,1
1A,p895820,low,17,3,low_A_000,1
1A,p895820,low,18,3,low_B_110,0
1A,p895820,low,19,3,low_B_101,1
1A,p895820,low,20,3,low_B_111,0
1A,p895820,low,21,3,low_B_111,1
1A,p895820,low,22,3,low_A_000,0
1A,p895820,low,23,3,low_A_010,0
1A,p895820,low,24,3,low_A_001,1
1A,p919764,low,1,1,low_B_110,0
1A,p919764,low,2,1,low_A_010,0
1A,p919764,low,3,1,low_A_000,0
1A,p919764,low,4,1,low_A_000,0
1A,p919764,low,5,1,low_B_111,0
1A,p919764,low,6,1,low_B_101,1
1A,p919764,low,7,1,low_B_111,1
1A,p919764,low,8,1,low_A_001,0
1A,p919764,low,9,2,low_B_101,1
1A,p919764,low,10,2,low_A_000,0
1A,p919764,low,11,2,low_B_111,0
1A,p919764,low,12,2,low_A_010,0
1A,p919764,low,13,2,low_A_000,1
1A,p919764,low,14,2,low_B_110,0
1A,p919764,low,15,2,low_A_001,1
1A,p919764,low,16,2,low_B_111,1
1A,p919764,low,17,3,low_A_000,1
1A,p919764,low,18,3,low_A_010,1
1A,p919764,low,19,3,low_B_110,1
1A,p919764,low,20,3,low_B_101,1
1A,p919764,low,21,3,low_A_001,1
1A,p919764,low,22,3,low_B_111,0
1A,p919764,low,23,3,low_B_111,1
1A,p919764,low,24,3,low_A_000,0
1A,p949615,high,1,1,high_B_110,0
1A,p949615,high,2,1,high_B_101,0
1A,p949615,high,3,1,high_A_000,0
1A,p949615,high,4,1,high_A_010,1
1A,p949615,high,5,1,high_A_000,1
1A,p949615,high,6,1,high_A_001,0
1A,p949615,high,7,1,high_B_111,1
1A,p949615,high,8,1,high_B_111,1
1A,p949615,high,9,2,high_B_111,1
1A,p949615,high,10,2,high_A_001,1
1A,p949615,high,11,2,high_A_010,0
1A,p949615,high,12,2,high_A_000,1
1A,p949615,high,13,2,high_B_111,1
1A,p949615,high,14,2,high_B_101,1
1A,p949615,high,15,2,high_B_110,1
1A,p949615,high,16,2,high_A_000,1
1A,p949615,high,17,3,high_A_000,1
1A,p949615,high,18,3,high_B_110,1
1A,p949615,high,19,3,high_A_000,1
1A,p949615,high,20,3,high_A_001,1
1A,p949615,high,21,3,high_B_111,1
1A,p949615,high,22,3,high_A_010,1
1A,p949615,high,23,3,high_B_111,1
1A,p949615,high,24,3,high_B_101,0
1A,p950416,high,1,1,high_B_101,0
1A,p950416,high,2,1,high_A_010,1
1A,p950416,high,3,1,high_A_001,0
1A,p950416,high,4,1,high_B_111,1
1A,p950416,high,5,1,high_A_000,1
1A,p950416,high,6,1,high_B_110,1
1A,p950416,high,7,1,high_B_111,1
1A,p950416,high,8,1,high_A_000,1
1A,p950416,high,9,2,high_B_111,1
1A,p950416,high,10,2,high_A_010,1
1A,p950416,high,11,2,high_B_111,1
1A,p950416,high,12,2,high_B_101,1
1A,p950416,high,13,2,high_A_001,1
1A,p950416,high,14,2,high_B_110,1
1A,p950416,high,15,2,high_A_000,1
1A,p950416,high,16,2,high_A_000,1
1A,p950416,high,17,3,high_A_001,1
1A,p950416,high,18,3,high_A_000,1
1A,p950416,high,19,3,high_B_110,1
1A,p950416,high,20,3,high_B_111,1
1A,p950416,high,21,3,high_A_010,1
1A,p950416,high,22,3,high_A_000,1
1A,p950416,high,23,3,high_B_101,1
1A,p950416,high,24,3,high_B_111,1
1A,p965102,high,1,1,high_A_000,1
1A,p965102,high,2,1,high_B_111,1
1A,p965102,high,3,1,high_B_110,1
1A,p965102,high,4,1,high_B_101,1
1A,p965102,high,5,1,high_B_111,1
1A,p965102,high,6,1,high_A_001,1
1A,p965102,high,7,1,high_A_000,1
1A,p965102,high,8,1,high_A_010,1
1A,p965102,high,9,2,high_A_000,1
1A,p965102,high,10,2,high_B_101,1
1A,p965102,high,11,2,high_A_010,1
1A,p965102,high,12,2,high_A_000,1
1A,p965102,high,13,2,high_B_110,1
1A,p965102,high,14,2,high_B_111,1
1A,p965102,high,15,2,high_B_111,1
1A,p965102,high,16,2,high_A_001,1
1A,p965102,high,17,3,high_B_111,1
1A,p965102,high,18,3,high_A_000,1
1A,p965102,high,19,3,high_A_000,1
1A,p965102,high,20,3,high_A_001,1
1A,p965102,high,21,3,high_B_111,1
1A,p965102,high,22,3,high_B_110,1
1A,p965102,high,23,3,high_B_101,1
1A,p965102,high,24,3,high_A_010,1
1A,p975756,low,1,1,low_A_001,0
1A,p975756,low,2,1,low_B_111,1
1A,p975756,low,3,1,low_A_000,1
1A,p975756,low,4,1,low_A_000,1
1A,p975756,low,5,1,low_A_010,0
1A,p975756,low,6,1,low_B_101,1
1A,p975756,low,7,1,low_B_111,1
1A,p975756,low,8,1,low_B_110,1
1A,p975756,low,9,2,low_B_111,1
1A,p975756,low,10,2,low_B_101,0
1A,p975756,low,11,2,low_A_010,0
1A,p975756,low,12,2,low_B_110,1
1A,p975756,low,13,2,low_A_001,1
1A,p975756,low,14,2,low_B_111,1
1A,p975756,low,15,2,low_A_000,1
1A,p975756,low,16,2,low_A_000,1
1A,p975756,low,17,3,low_A_001,1
1A,p975756,low,18,3,low_B_110,1
1A,p975756,low,19,3,low_B_101,0
1A,p975756,low,20,3,low_A_010,0
1A,p975756,low,21,3,low_B_111,0
1A,p975756,low,22,3,low_A_000,1
1A,p975756,low,23,3,low_B_111,1
1A,p975756,low,24,3,low_A_000,1
1B,p118304,high,1,1,high_B_101,1
1B,p118304,high,2,1,high_B_110,0
1B,p118304,high,3,1,high_B_111,0
1B,p118304,high,4,1,high_A_010,0
1B,p118304,high,5,1,high_A_001,0
1B,p118304,high,6,1,high_A_000,1
1B,p118304,high,7,1,high_B_111,1
1B,p118304,high,8,1,high_A_000,1
1B,p118304,high,9,2,high_A_000,1
1B,p118304,high,10,2,high_A_000,1
1B,p118304,high,11,2,high_A_001,0
1B,p118304,high,12,2,high_B_101,1
1B,p118304,high,13,2,high_A_010,1
1B,p118304,high,14,2,high_B_111,1
1B,p118304,high,15,2,high_B_111,1
1B,p118304,high,16,2,high_B_110,0
1B,p118304,high,17,3,high_A_000,1
1B,p118304,high,18,3,high_A_001,0
1B,p118304,high,19,3,high_B_111,1
1B,p118304,high,20,3,high_B_101,1
1B,p118304,high,21,3,high_A_010,1
1B,p118304,high,22,3,high_B_111,1
1B,p118304,high,23,3,high_B_110,0
1B,p118304,high,24,3,high_A_000,1
1B,p144198,low,1,1,low_A_000,1
1B,p144198,low,2,1,low_B_111,1
1B,p144198,low,3,1,low_B_101,0
1B,p144198,low,4,1,low_A_010,1
1B,p144198,low,5,1,low_B_111,1
1B,p144198,low,6,1,low_A_001,0
1B,p144198,low,7,1,low_A_000,1
1B,p144198,low,8,1,low_B_110,1
1B,p144198,low,9,2,low_B_111,1
1B,p144198,low,10,2,low_A_000,1
1B,p144198,low,11,2,low_B_111,1
1B,p144198,low,12,2,low_A_001,1
1B,p144198,low,13,2,low_B_110,0
1B,p144198,low,14,2,low_A_000,1
1B,p144198,low,15,2,low_B_101,1
1B,p144198,low,16,2,low_A_010,1
1B,p144198,low,17,3,low_B_101,1
1B,p144198,low,18,3,low_B_111,1
1B,p144198,low,19,3,low_A_010,1
1B,p144198,low,20,3,low_A_001,1
1B,p144198,low,21,3,low_B_111,1
1B,p144198,low,22,3,low_B_110,0
1B,p144198,low,23,3,low_A_000,1
1B,p144198,low,24,3,low_A_000,1
1B,p152554,high,1,1,high_A_010,1
1B,p152554,high,2,1,high_A_001,1
1B,p152554,high,3,1,high_A_000,1
1B,p152554,high,4,1,high_A_000,1
1B,p152554,high,5,1,high_B_111,0
1B,p152554,high,6,1,high_B_101,1
1B,p152554,high,7,1,high_B_110,1
1B,p152554,high,8,1,high_B_111,1
1B,p152554,high,9,2,high_A_000,1
1B,p152554,high,10,2,high_B_111,1
1B,p152554,high,11,2,high_A_010,0
1B,p152554,high,12,2,high_B_101,1
1B,p152554,high,13,2,high_B_110,0
1B,p152554,high,14,2,high_A_001,0
1B,p152554,high,15,2,high_A_000,1
1B,p152554,high,16,2,high_B_111,0
1B,p152554,high,17,3,high_B_110,1
1B,p152554,high,18,3,high_A_000,1
1B,p152554,high,19,3,high_B_111,1
1B,p152554,high,20,3,high_B_111,1
1B,p152554,high,21,3,high_A_000,1
1B,p152554,high,22,3,high_A_010,0
1B,p152554,high,23,3,high_B_101,1
1B,p152554,high,24,3,high_A_001,1
1B,p196101,high,1,1,high_B_110,0
1B,p196101,high,2,1,high_A_010,1
1B,p196101,high,3,1,high_A_000,1
1B,p196101,high,4,1,high_A_000,1
1B,p196101,high,5,1,high_B_111,1
1B,p196101,high,6,1,high_A_001,1
1B,p196101,high,7,1,high_B_101,1
1B,p196101,high,8,1,high_B_111,1
1B,p196101,high,9,2,high_B_111,1
1B,p196101,high,10,2,high_B_110,0
1B,p196101,high,11,2,high_B_111,1
1B,p196101,high,12,2,high_A_001,0
1B,p196101,high,13,2,high_A_000,1
1B,p196101,high,14,2,high_A_010,0
1B,p196101,high,15,2,high_B_101,1
1B,p196101,high,16,2,high_A_000,1
1B,p196101,high,17,3,high_A_000,1
1B,p196101,high,18,3,high_A_001,0
1B,p196101,high,19,3,high_B_101,1
1B,p196101,high,20,3,high_A_010,0
1B,p196101,high,21,3,high_B_111,1
1B,p196101,high,22,3,high_B_111,1
1B,p196101,high,23,3,high_A_000,1
1B,p196101,high,24,3,high_B_110,1
1B,p201158,low,1,1,low_A_000,1
1B,p201158,low,2,1,low_B_111,1
1B,p201158,low,3,1,low_A_000,1
1B,p201158,low,4,1,low_B_110,1
1B,p201158,low,5,1,low_B_111,1
1B,p201158,low,6,1,low_A_010,1
1B,p201158,low,7,1,low_B_101,1
1B,p201158,low,8,1,low_A_001,0
1B,p201158,low,9,2,low_B_111,1
1B,p201158,low,10,2,low_A_000,1
1B,p201158,low,11,2,low_A_001,1
1B,p201158,low,12,2,low_B_110,1
1B,p201158,low,13,2,low_A_000,1
1B,p201158,low,14,2,low_B_101,0
1B,p201158,low,15,2,low_A_010,0
1B,p201158,low,16,2,low_B_111,0
1B,p201158,low,17,3,low_A_000,1
1B,p201158,low,18,3,low_B_110,1
1B,p201158,low,19,3,low_B_111,0
1B,p201158,low,20,3,low_A_010,1
1B,p201158,low,21,3,low_A_000,0
1B,p201158,low,22,3,low_A_001,1
1B,p201158,low,23,3,low_B_101,0
1B,p201158,low,24,3,low_B_111,1
1B,p251781,low,1,1,low_B_111,0
1B,p251781,low,2,1,low_A_001,1
1B,p251781,low,3,1,low_B_101,0
1B,p251781,low,4,1,low_B_110,1
1B,p251781,low,5,1,low_B_111,1
1B,p251781,low,6,1,low_A_000,1
1B,p251781,low,7,1,low_A_000,1
1B,p251781,low,8,1,low_A_010,1
1B,p251781,low,9,2,low_B_101,1
1B,p251781,low,10,2,low_A_010,1
1B,p251781,low,11,2,low_B_111,1
1B,p251781,low,12,2,low_B_111,1
1B,p251781,low,13,2,low_A_000,1
1B,p251781,low,14,2,low_B_110,1
1B,p251781,low,15,2,low_A_001,1
1B,p251781,low,16,2,low_A_000,1
1B,p251781,low,17,3,low_B_101,1
1B,p251781,low,18,3,low_B_110,1
1B,p251781,low,19,3,low_A_000,1
1B,p251781,low,20,3,low_A_001,1
1B,p251781,low,21,3,low_A_000,1
1B,p251781,low,22,3,low_A_010,1
1B,p251781,low,23,3,low_B_111,1
1B,p251781,low,24,3,low_B_111,1
1B,p255780,low,1,1,low_B_101,0
1B,p255780,low,2,1,low_A_001,1
1B,p255780,low,3,1,low_A_000,1
1B,p255780,low,4,1,low_A_010,1
1B,p255780,low,5,1,low_B_110,1
1B,p255780,low,6,1,low_A_000,1
1B,p255780,low,7,1,low_B_111,1
1B,p255780,low,8,1,low_B_111,1
1B,p255780,low,9,2,low_A_000,1
1B,p255780,low,10,2,low_A_001,1
1B,p255780,low,11,2,low_A_010,1
1B,p255780,low,12,2,low_B_101,1
1B,p255780,low,13,2,low_B_111,1
1B,p255780,low,14,2,low_B_111,1
1B,p255780,low,15,2,low_B_110,1
1B,p255780,low,16,2,low_A_000,1
1B,p255780,low,17,3,low_A_010,1
1B,p255780,low,18,3,low_A_000,1
1B,p255780,low,19,3,low_B_101,1
1B,p255780,low,20,3,low_A_001,1
1B,p255780,low,21,3,low_A_000,1
1B,p255780,low,22,3,low_B_110,1
1B,p255780,low,23,3,low_B_111,1
1B,p255780,low,24,3,low_B_111,1
1B,p2679,low,1,1,low_B_111,0
1B,p2679,low,2,1,low_B_111,1
1B,p2679,low,3,1,low_A_010,1
1B,p2679,low,4,1,low_A_000,0
1B,p2679,low,5,1,low_A_001,1
1B,p2679,low,6,1,low_B_110,1
1B,p2679,low,7,1,low_B_101,0
1B,p2679,low,8,1,low_A_000,1
1B,p2679,low,9,2,low_B_111,1
1B,p2679,low,10,2,low_B_110,1
1B,p2679,low,11,2,low_A_000,1
1B,p2679,low,12,2,low_B_111,1
1B,p2679,low,13,2,low_A_000,1
1B,p2679,low,14,2,low_A_010,0
1B,p2679,low,15,2,low_B_101,0
1B,p2679,low,16,2,low_A_001,0
1B,p2679,low,17,3,low_A_001,0
1B,p2679,low,18,3,low_B_111,1
1B,p2679,low,19,3,low_B_110,1
1B,p2679,low,20,3,low_A_010,1
1B,p2679,low,21,3,low_A_000,0
1B,p2679,low,22,3,low_B_101,1
1B,p2679,low,23,3,low_A_000,1
1B,p2679,low,24,3,low_B_111,1
1B,p297840,high,1,1,high_A_000,1
1B,p297840,high,2,1,high_A_000,0
1B,p297840,high,3,1,high_B_111,1
1B,p297840,high,4,1,high_A_010,0
1B,p297840,high,5,1,high_B_110,1
1B,p297840,high,6,1,high_B_111,1
1B,p297840,high,7,1,high_A_001,1
1B,p297840,high,8,1,high_B_101,1
1B,p297840,high,9,2,high_B_101,1
1B,p297840,high,10,2,high_A_001,1
1B,p297840,high,11,2,high_B_111,1
1B,p297840,high,12,2,high_A_000,1
1B,p297840,high,13,2,high_A_000,1
1B,p297840,high,14,2,high_B_111,1
1B,p297840,high,15,2,high_A_010,1
1B,p297840,high,16,2,high_B_110,1
1B,p297840,high,17,3,high_A_001,1
1B,p297840,high,18,3,high_A_000,1
1B,p297840,high,19,3,high_A_000,1
1B,p297840,high,20,3,high_B_111,1
1B,p297840,high,21,3,high_A_010,1
1B,p297840,high,22,3,high_B_110,1
1B,p297840,high,23,3,high_B_101,1
1B,p297840,high,24,3,high_B_111,1
1B,p307096,low,1,1,low_B_111,0
1B,p307096,low,2,1,low_A_000,1
1B,p307096,low,3,1,low_B_111,1
1B,p307096,low,4,1,low_A_001,1
1B,p307096,low,5,1,low_B_101,1
1B,p307096,low,6,1,low_A_010,1
1B,p307096,low,7,1,low_A_000,0
1B,p307096,low,8,1,low_B_110,0
1B,p307096,low,9,2,low_B_101,1
1B,p307096,low,10,2,low_A_000,0
1B,p307096,low,11,2,low_A_000,1
1B,p307096,low,12,2,low_A_001,1
1B,p307096,low,13,2,low_B_111,1
1B,p307096,low,14,2,low_A_010,0
1B,p307096,low,15,2,low_B_110,0
1B,p307096,low,16,2,low_B_111,1
1B,p307096,low,17,3,low_B_111,1
1B,p307096,low,18,3,low_B_101,0
1B,p307096,low,19,3,low_A_001,1
1B,p307096,low,20,3,low_A_000,1
1B,p307096,low,21,3,low_A_000,1
1B,p307096,low,22,3,low_B_110,1
1B,p307096,low,23,3,low_B_111,1
1B,p307096,low,24,3,low_A_010,1
1B,p325286,low,1,1,low_A_010,1
1B,p325286,low,2,1,low_A_001,1
1B,p325286,low,3,1,low_A_000,1
1B,p325286,low,4,1,low_B_111,0
1B,p325286,low,5,1,low_A_000,1
1B,p325286,low,6,1,low_B_101,1
1B,p325286,low,7,1,low_B_110,1
1B,p325286,low,8,1,low_B_111,1
1B,p325286,low,9,2,low_B_111,1
1B,p325286,low,10,2,low_B_110,1
1B,p325286,low,11,2,low_A_000,1
1B,p325286,low,12,2,low_A_000,1
1B,p325286,low,13,2,low_B_101,1
1B,p325286,low,14,2,low_B_111,1
1B,p325286,low,15,2,low_A_001,1
1B,p325286,low,16,2,low_A_010,1
1B,p325286,low,17,3,low_A_010,1
1B,p325286,low,18,3,low_A_000,1
1B,p325286,low,19,3,low_B_111,1
1B,p325286,low,20,3,low_B_111,1
1B,p325286,low,21,3,low_A_000,1
1B,p325286,low,22,3,low_A_001,1
1B,p325286,low,23,3,low_B_101,1
1B,p325286,low,24,3,low_B_110,1
1B,p388613,high,1,1,high_B_111,1
1B,p388613,high,2,1,high_B_110,1
1B,p388613,high,3,1,high_A_000,0
1B,p388613,high,4,1,high_B_111,1
1B,p388613,high,5,1,high_A_010,0
1B,p388613,high,6,1,high_A_001,1
1B,p388613,high,7,1,high_A_000,1
1B,p388613,high,8,1,high_B_101,1
1B,p388613,high,9,2,high_A_001,1
1B,p388613,high,10,2,high_A_000,1
1B,p388613,high,11,2,high_B_111,1
1B,p388613,high,12,2,high_B_110,1
1B,p388613,high,13,2,high_A_000,1
1B,p388613,high,14,2,high_B_101,1
1B,p388613,high,15,2,high_A_010,1
1B,p388613,high,16,2,high_B_111,1
1B,p388613,high,17,3,high_B_110,1
1B,p388613,high,18,3,high_B_111,1
1B,p388613,high,19,3,high_B_111,1
1B,p388613,high,20,3,high_A_000,1
1B,p388613,high,21,3,high_A_000,1
1B,p388613,high,22,3,high_A_001,1
1B,p388613,high,23,3,high_A_010,1
1B,p388613,high,24,3,high_B_101,1
1B,p400306,low,1,1,low_A_000,0
1B,p400306,low,2,1,low_B_101,1
1B,p400306,low,3,1,low_B_111,1
1B,p400306,low,4,1,low_B_111,1
1B,p400306,low,5,1,low_A_010,1
1B,p400306,low,6,1,low_B_110,0
1B,p400306,low,7,1,low_A_000,1
1B,p400306,low,8,1,low_A_001,1
1B,p400306,low,9,2,low_A_000,1
1B,p400306,low,10,2,low_B_101,0
1B,p400306,low,11,2,low_A_000,1
1B,p400306,low,12,2,low_A_001,0
1B,p400306,low,13,2,low_B_111,0
1B,p400306,low,14,2,low_A_010,0
1B,p400306,low,15,2,low_B_111,0
1B,p400306,low,16,2,low_B_110,1
1B,p400306,low,17,3,low_B_111,1
1B,p400306,low,18,3,low_B_111,1
1B,p400306,low,19,3,low_B_101,0
1B,p400306,low,20,3,low_A_000,1
1B,p400306,low,21,3,low_B_110,1
1B,p400306,low,22,3,low_A_001,1
1B,p400306,low,23,3,low_A_010,1
1B,p400306,low,24,3,low_A_000,0
1B,p40774,low,1,1,low_B_111,1
1B,p40774,low,2,1,low_B_110,0
1B,p40774,low,3,1,low_A_010,1
1B,p40774,low,4,1,low_B_111,1
1B,p40774,low,5,1,low_A_000,1
1B,p40774,low,6,1,low_B_101,1
1B,p40774,low,7,1,low_A_000,1
1B,p40774,low,8,1,low_A_001,0
1B,p40774,low,9,2,low_A_000,1
1B,p40774,low,10,2,low_B_111,1
1B,p40774,low,11,2,low_A_000,1
1B,p40774,low,12,2,low_A_001,1
1B,p40774,low,13,2,low_B_110,1
1B,p40774,low,14,2,low_B_101,1
1B,p40774,low,15,2,low_B_111,1
1B,p40774,low,16,2,low_A_010,1
1B,p40774,low,17,3,low_A_000,1
1B,p40774,low,18,3,low_A_010,1
1B,p40774,low,19,3,low_B_111,1
1B,p40774,low,20,3,low_A_000,1
1B,p40774,low,21,3,low_B_110,1
1B,p40774,low,22,3,low_A_001,1
1B,p40774,low,23,3,low_B_101,1
1B,p40774,low,24,3,low_B_111,1
1B,p414165,low,1,1,low_B_111,0
1B,p414165,low,2,1,low_A_000,1
1B,p414165,low,3,1,low_B_111,1
1B,p414165,low,4,1,low_B_101,0
1B,p414165,low,5,1,low_A_000,1
1B,p414165,low,6,1,low_A_001,1
1B,p414165,low,7,1,low_B_110,1
1B,p414165,low,8,1,low_A_010,0
1B,p414165,low,9,2,low_A_000,1
1B,p414165,low,10,2,low_B_111,1
1B,p414165,low,11,2,low_B_110,1
1B,p414165,low,12,2,low_A_010,0
1B,p414165,low,13,2,low_B_111,1
1B,p414165,low,14,2,low_A_001,0
1B,p414165,low,15,2,low_A_000,1
1B,p414165,low,16,2,low_B_101,0
1B,p414165,low,17,3,low_A_010,0
1B,p414165,low,18,3,low_A_000,1
1B,p414165,low,19,3,low_B_110,0
1B,p414165,low,20,3,low_B_111,1
1B,p414165,low,21,3,low_A_000,1
1B,p414165,low,22,3,low_B_101,1
1B,p414165,low,23,3,low_B_111,1
1B,p414165,low,24,3,low_A_001,0
1B,p417008,low,1,1,low_A_001,1
1B,p417008,low,2,1,low_A_000,0
1B,p417008,low,3,1,low_B_101,0
1B,p417008,low,4,1,low_B_111,1
1B,p417008,low,5,1,low_B_111,1
1B,p417008,low,6,1,low_A_000,1
1B,p417008,low,7,1,low_A_010,1
1B,p417008,low,8,1,low_B_110,1
1B,p417008,low,9,2,low_A_000,1
1B,p417008,low,10,2,low_A_001,0
1B,p417008,low,11,2,low_A_000,1
1B,p417008,low,12,2,low_B_110,1
1B,p417008,low,13,2,low_A_010,0
1B,p417008,low,14,2,low_B_111,1
1B,p417008,low,15,2,low_B_111,1
1B,p417008,low,16,2,low_B_101,0
1B,p417008,low,17,3,low_B_111,1
1B,p417008,low,18,3,low_B_111,1
1B,p417008,low,19,3,low_A_000,1
1B,p417008,low,20,3,low_A_010,0
1B,p417008,low,21,3,low_A_000,1
1B,p417008,low,22,3,low_A_001,1
1B,p417008,low,23,3,low_B_101,0
1B,p417008,low,24,3,low_B_110,0
1B,p43746,low,1,1,low_B_110,0
1B,p43746,low,2,1,low_A_000,0
1B,p43746,low,3,1,low_A_001,1
1B,p43746,low,4,1,low_A_010,1
1B,p43746,low,5,1,low_B_101,1
1B,p43746,low,6,1,low_A_000,1
1B,p43746,low,7,1,low_B_111,1
1B,p43746,low,8,1,low_B_111,1
1B,p43746,low,9,2,low_B_101,1
1B,p43746,low,10,2,low_A_001,1
1B,p43746,low,11,2,low_A_010,1
1B,p43746,low,12,2,low_B_111,1
1B,p43746,low,13,2,low_A_000,1
1B,p43746,low,14,2,low_A_000,1
1B,p43746,low,15,2,low_B_110,1
1B,p43746,low,16,2,low_B_111,1
1B,p43746,low,17,3,low_A_000,1
1B,p43746,low,18,3,low_A_000,1
1B,p43746,low,19,3,low_B_111,1
1B,p43746,low,20,3,low_A_001,1
1B,p43746,low,21,3,low_B_101,1
1B,p43746,low,22,3,low_B_110,1
1B,p43746,low,23,3,low_B_111,1
1B,p43746,low,24,3,low_A_010,1
1B,p437765,high,1,1,high_A_001,1
1B,p437765,high,2,1,high_A_000,0
1B,p437765,high,3,1,high_A_010,1
1B,p437765,high,4,1,high_B_111,0
1B,p437765,high,5,1,high_B_111,1
1B,p437765,high,6,1,high_A_000,1
1B,p437765,high,7,1,high_B_110,1
1B,p437765,high,8,1,high_B_101,1
1B,p437765,high,9,2,high_B_111,1
1B,p437765,high,10,2,high_A_000,1
1B,p437765,high,11,2,high_B_111,1
1B,p437765,high,12,2,high_B_101,1
1B,p437765,high,13,2,high_A_000,1
1B,p437765,high,14,2,high_A_001,1
1B,p437765,high,15,2,high_B_110,1
1B,p437765,high,16,2,high_A_010,1
1B,p437765,high,17,3,high_B_111,1
1B,p437765,high,18,3,high_B_111,1
1B,p437765,high,19,3,high_B_101,1
1B,p437765,high,20,3,high_A_010,1
1B,p437765,high,21,3,high_A_000,1
1B,p437765,high,22,3,high_A_000,1
1B,p437765,high,23,3,high_B_110,1
1B,p437765,high,24,3,high_A_001,1
1B,p442943,high,1,1,high_A_010,1
1B,p442943,high,2,1,high_B_110,0
1B,p442943,high,3,1,high_A_000,1
1B,p442943,high,4,1,high_B_111,1
1B,p442943,high,5,1,high_B_101,1
1B,p442943,high,6,1,high_B_111,1
1B,p442943,high,7,1,high_A_001,0
1B,p442943,high,8,1,high_A_000,1
1B,p442943,high,9,2,high_A_000,1
1B,p442943,high,10,2,high_A_000,1
1B,p442943,high,11,2,high_A_001,1
1B,p442943,high,12,2,high_B_110,1
1B,p442943,high,13,2,high_B_101,0
1B,p442943,high,14,2,high_B_111,1
1B,p442943,high,15,2,high_A_010,1
1B,p442943,high,16,2,high_B_111,1
1B,p442943,high,17,3,high_B_111,1
1B,p442943,high,18,3,high_A_000,1
1B,p442943,high,19,3,high_B_111,1
1B,p442943,high,20,3,high_B_110,1
1B,p442943,high,21,3,high_B_101,1
1B,p442943,high,22,3,high_A_000,1
1B,p442943,high,23,3,high_A_001,1
1B,p442943,high,24,3,high_A_010,0
1B,p452770,high,1,1,high_B_111,0
1B,p452770,high,2,1,high_A_001,1
1B,p452770,high,3,1,high_A_000,0
1B,p452770,high,4,1,high_B_111,1
1B,p452770,high,5,1,high_A_010,1
1B,p452770,high,6,1,high_A_000,1
1B,p452770,high,7,1,high_B_101,1
1B,p452770,high,8,1,high_B_110,1
1B,p452770,high,9,2,high_A_001,1
1B,p452770,high,10,2,high_B_111,1
1B,p452770,high,11,2,high_A_010,1
1B,p452770,high,12,2,high_B_111,1
1B,p452770,high,13,2,high_A_000,1
1B,p452770,high,14,2,high_B_101,1
1B,p452770,high,15,2,high_B_110,1
1B,p452770,high,16,2,high_A_000,1
1B,p452770,high,17,3,high_A_000,1
1B,p452770,high,18,3,high_B_110,1
1B,p452770,high,19,3,high_A_010,1
1B,p452770,high,20,3,high_B_101,1
1B,p452770,high,21,3,high_B_111,1
1B,p452770,high,22,3,high_A_000,1
1B,p452770,high,23,3,high_B_111,1
1B,p452770,high,24,3,high_A_001,0
1B,p470610,high,1,1,high_A_001,1
1B,p470610,high,2,1,high_A_000,0
1B,p470610,high,3,1,high_A_010,1
1B,p470610,high,4,1,high_A_000,1
1B,p470610,high,5,1,high_B_111,0
1B,p470610,high,6,1,high_B_101,1
1B,p470610,high,7,1,high_B_111,1
1B,p470610,high,8,1,high_B_110,0
1B,p470610,high,9,2,high_A_010,1
1B,p470610,high,10,2,high_A_000,1
1B,p470610,high,11,2,high_A_001,1
1B,p470610,high,12,2,high_B_101,1
1B,p470610,high,13,2,high_A_000,1
1B,p470610,high,14,2,high_B_110,1
1B,p470610,high,15,2,high_B_111,1
1B,p470610,high,16,2,high_B_111,1
1B,p470610,high,17,3,high_A_001,1
1B,p470610,high,18,3,high_B_111,1
1B,p470610,high,19,3,high_A_000,1
1B,p470610,high,20,3,high_A_000,1
1B,p470610,high,21,3,high_B_101,1
1B,p470610,high,22,3,high_B_110,1
1B,p470610,high,23,3,high_B_111,1
1B,p470610,high,24,3,high_A_010,1
1B,p521566,high,1,1,high_B_111,1
1B,p521566,high,2,1,high_B_101,0
1B,p521566,high,3,1,high_A_000,1
1B,p521566,high,4,1,high_A_010,1
1B,p521566,high,5,1,high_A_001,0
1B,p521566,high,6,1,high_B_111,1
1B,p521566,high,7,1,high_A_000,1
1B,p521566,high,8,1,high_B_110,1
1B,p521566,high,9,2,high_B_101,0
1B,p521566,high,10,2,high_B_110,0
1B,p521566,high,11,2,high_B_111,1
1B,p521566,high,12,2,high_A_010,1
1B,p521566,high,13,2,high_A_000,0
1B,p521566,high,14,2,high_A_000,1
1B,p521566,high,15,2,high_B_111,1
1B,p521566,high,16,2,high_A_001,1
1B,p521566,high,17,3,high_A_000,1
1B,p521566,high,18,3,high_B_101,1
1B,p521566,high,19,3,high_A_010,1
1B,p521566,high,20,3,high_A_000,1
1B,p521566,high,21,3,high_B_111,1
1B,p521566,high,22,3,high_B_110,1
1B,p521566,high,23,3,high_B_111,1
1B,p521566,high,24,3,high_A_001,1
1B,p607594,low,1,1,low_B_111,1
1B,p607594,low,2,1,low_A_001,0
1B,p607594,low,3,1,low_A_000,1
1B,p607594,low,4,1,low_A_000,1
1B,p607594,low,5,1,low_B_111,1
1B,p607594,low,6,1,low_A_010,0
1B,p607594,low,7,1,low_B_101,0
1B,p607594,low,8,1,low_B_110,0
1B,p607594,low,9,2,low_B_101,1
1B,p607594,low,10,2,low_B_111,1
1B,p607594,low,11,2,low_A_010,0
1B,p607594,low,12,2,low_A_000,0
1B,p607594,low,13,2,low_A_000,1
1B,p607594,low,14,2,low_B_110,1
1B,p607594,low,15,2,low_A_001,1
1B,p607594,low,16,2,low_B_111,1
1B,p607594,low,17,3,low_B_110,1
1B,p607594,low,18,3,low_B_111,1
1B,p607594,low,19,3,low_A_001,1
1B,p607594,low,20,3,low_B_101,1
1B,p607594,low,21,3,low_A_000,1
1B,p607594,low,22,3,low_A_010,1
1B,p607594,low,23,3,low_A_000,1
1B,p607594,low,24,3,low_B_111,1
1B,p656742,high,1,1,high_B_111,1
1B,p656742,high,2,1,high_B_111,1
1B,p656742,high,3,1,high_B_101,0
1B,p656742,high,4,1,high_A_000,1
1B,p656742,high,5,1,high_A_001,1
1B,p656742,high,6,1,high_A_010,1
1B,p656742,high,7,1,high_A_000,1
1B,p656742,high,8,1,high_B_110,1
1B,p656742,high,9,2,high_A_010,1
1B,p656742,high,10,2,high_B_110,1
1B,p656742,high,11,2,high_A_001,1
1B,p656742,high,12,2,high_B_111,1
1B,p656742,high,13,2,high_B_101,0
1B,p656742,high,14,2,high_B_111,0
1B,p656742,high,15,2,high_A_000,1
1B,p656742,high,16,2,high_A_000,1
1B,p656742,high,17,3,high_B_110,1
1B,p656742,high,18,3,high_B_111,0
1B,p656742,high,19,3,high_A_000,1
1B,p656742,high,20,3,high_B_111,1
1B,p656742,high,21,3,high_A_000,1
1B,p656742,high,22,3,high_A_001,1
1B,p656742,high,23,3,high_B_101,1
1B,p656742,high,24,3,high_A_010,1
1B,p657163,low,1,1,low_B_111,1
1B,p657163,low,2,1,low_B_101,1
1B,p657163,low,3,1,low_B_111,1
1B,p657163,low,4,1,low_A_000,0
1B,p657163,low,5,1,low_B_110,1
1B,p657163,low,6,1,low_A_000,1
1B,p657163,low,7,1,low_A_010,0
1B,p657163,low,8,1,low_A_001,1
1B,p657163,low,9,2,low_A_000,1
1B,p657163,low,10,2,low_A_001,1
1B,p657163,low,11,2,low_A_010,1
1B,p657163,low,12,2,low_B_111,1
1B,p657163,low,13,2,low_B_111,1
1B,p657163,low,14,2,low_A_000,1
1B,p657163,low,15,2,low_B_110,1
1B,p657163,low,16,2,low_B_101,0
1B,p657163,low,17,3,low_B_111,1
1B,p657163,low,18,3,low_A_000,1
1B,p657163,low,19,3,low_A_010,1
1B,p657163,low,20,3,low_B_101,1
1B,p657163,low,21,3,low_A_001,1
1B,p657163,low,22,3,low_B_110,0
1B,p657163,low,23,3,low_A_000,1
1B,p657163,low,24,3,low_B_111,1
1B,p676590,high,1,1,high_B_110,1
1B,p676590,high,2,1,high_A_001,0
1B,p676590,high,3,1,high_A_010,0
1B,p676590,high,4,1,high_B_101,0
1B,p676590,high,5,1,high_B_111,1
1B,p676590,high,6,1,high_A_000,1
1B,p676590,high,7,1,high_B_111,1
1B,p676590,high,8,1,high_A_000,1
1B,p676590,high,9,2,high_B_101,0
1B,p676590,high,10,2,high_A_001,1
1B,p676590,high,11,2,high_B_110,1
1B,p676590,high,12,2,high_A_000,1
1B,p676590,high,13,2,high_A_010,1
1B,p676590,high,14,2,high_B_111,1
1B,p676590,high,15,2,high_B_111,1
1B,p676590,high,16,2,high_A_000,1
1B,p676590,high,17,3,high_A_010,1
1B,p676590,high,18,3,high_A_000,1
1B,p676590,high,19,3,high_A_001,1
1B,p676590,high,20,3,high_B_111,1
1B,p676590,high,21,3,high_A_000,1
1B,p676590,high,22,3,high_B_101,1
1B,p676590,high,23,3,high_B_110,1
1B,p676590,high,24,3,high_B_111,1
1B,p700234,high,1,1,high_A_000,0
1B,p700234,high,2,1,high_A_000,1
1B,p700234,high,3,1,high_A_010,0
1B,p700234,high,4,1,high_B_111,0
1B,p700234,high,5,1,high_B_101,1
1B,p700234,high,6,1,high_B_110,1
1B,p700234,high,7,1,high_A_001,1
1B,p700234,high,8,1,high_B_111,1
1B,p700234,high,9,2,high_B_111,1
1B,p700234,high,10,2,high_A_000,1
1B,p700234,high,11,2,high_A_000,1
1B,p700234,high,12,2,high_B_111,1
1B,p700234,high,13,2,high_B_101,1
1B,p700234,high,14,2,high_A_001,1
1B,p700234,high,15,2,high_A_010,1
1B,p700234,high,16,2,high_B_110,1
1B,p700234,high,17,3,high_B_111,1
1B,p700234,high,18,3,high_A_000,1
1B,p700234,high,19,3,high_A_010,1
1B,p700234,high,20,3,high_B_101,1
1B,p700234,high,21,3,high_A_000,1
1B,p700234,high,22,3,high_B_110,1
1B,p700234,high,23,3,high_B_111,1
1B,p700234,high,24,3,high_A_001,1
1B,p701174,low,1,1,low_B_111,0
1B,p701174,low,2,1,low_B_101,1
1B,p701174,low,3,1,low_B_111,1
1B,p701174,low,4,1,low_A_010,0
1B,p701174,low,5,1,low_A_001,0
1B,p701174,low,6,1,low_B_110,0
1B,p701174,low,7,1,low_A_000,1
1B,p701174,low,8,1,low_A_000,1
1B,p701174,low,9,2,low_B_111,1
1B,p701174,low,10,2,low_A_001,1
1B,p701174,low,11,2,low_A_000,1
1B,p701174,low,12,2,low_B_111,1
1B,p701174,low,13,2,low_A_010,0
1B,p701174,low,14,2,low_B_101,0
1B,p701174,low,15,2,low_A_000,1
1B,p701174,low,16,2,low_B_110,0
1B,p701174,low,17,3,low_B_111,1
1B,p701174,low,18,3,low_B_111,1
1B,p701174,low,19,3,low_B_110,1
1B,p701174,low,20,3,low_A_010,1
1B,p701174,low,21,3,low_A_000,1
1B,p701174,low,22,3,low_A_000,1
1B,p701174,low,23,3,low_B_101,1
1B,p701174,low,24,3,low_A_001,1
1B,p720473,low,1,1,low_A_000,0
1B,p720473,low,2,1,low_A_000,1
1B,p720473,low,3,1,low_B_111,1
1B,p720473,low,4,1,low_A_001,0
1B,p720473,low,5,1,low_B_101,1
1B,p720473,low,6,1,low_A_010,1
1B,p720473,low,7,1,low_B_111,1
1B,p720473,low,8,1,low_B_110,1
1B,p720473,low,9,2,low_B_111,1
1B,p720473,low,10,2,low_A_010,0
1B,p720473,low,11,2,low_B_101,1
1B,p720473,low,12,2,low_A_000,1
1B,p720473,low,13,2,low_B_110,1
1B,p720473,low,14,2,low_A_000,1
1B,p720473,low,15,2,low_A_001,1
1B,p720473,low,16,2,low_B_111,1
1B,p720473,low,17,3,low_A_000,1
1B,p720473,low,18,3,low_B_101,1
1B,p720473,low,19,3,low_B_111,1
1B,p720473,low,20,3,low_A_010,1
1B,p720473,low,21,3,low_A_000,1
1B,p720473,low,22,3,low_B_111,1
1B,p720473,low,23,3,low_B_110,1
1B,p720473,low,24,3,low_A_001,1
1B,p727068,high,1,1,high_B_111,0
1B,p727068,high,2,1,high_A_000,1
1B,p727068,high,3,1,high_A_001,1
1B,p727068,high,4,1,high_B_111,1
1B,p727068,high,5,1,high_A_010,1
1B,p727068,high,6,1,high_B_101,0
1B,p727068,high,7,1,high_B_110,0
1B,p727068,high,8,1,high_A_000,1
1B,p727068,high,9,2,high_A_000,1
1B,p727068,high,10,2,high_A_001,0
1B,p727068,high,11,2,high_A_000,1
1B,p727068,high,12,2,high_B_111,1
1B,p727068,high,13,2,high_B_101,0
1B,p727068,high,14,2,high_A_010,0
1B,p727068,high,15,2,high_B_111,1
1B,p727068,high,16,2,high_B_110,0
1B,p727068,high,17,3,high_B_111,1
1B,p727068,high,18,3,high_B_101,1
1B,p727068,high,19,3,high_A_001,0
1B,p727068,high,20,3,high_A_000,1
1B,p727068,high,21,3,high_B_110,1
1B,p727068,high,22,3,high_A_000,1
1B,p727068,high,23,3,high_A_010,0
1B,p727068,high,24,3,high_B_111,1
1B,p7390,high,1,1,high_B_111,0
1B,p7390,high,2,1,high_A_010,1
1B,p7390,high,3,1,high_B_101,1
1B,p7390,high,4,1,high_B_110,1
1B,p7390,high,5,1,high_A_001,1
1B,p7390,high,6,1,high_A_000,1
1B,p7390,high,7,1,high_A_000,1
1B,p7390,high,8,1,high_B_111,1
1B,p7390,high,9,2,high_A_001,1
1B,p7390,high,10,2,high_B_111,1
1B,p7390,high,11,2,high_A_000,1
1B,p7390,high,12,2,high_A_000,1
1B,p7390,high,13,2,high_B_110,1
1B,p7390,high,14,2,high_B_111,1
1B,p7390,high,15,2,high_B_101,1
1B,p7390,high,16,2,high_A_010,1
1B,p7390,high,17,3,high_B_111,1
1B,p7390,high,18,3,high_B_101,1
1B,p7390,high,19,3,high_A_000,1
1B,p7390,high,20,3,high_A_001,1
1B,p7390,high,21,3,high_A_000,1
1B,p7390,high,22,3,high_B_111,1
1B,p7390,high,23,3,high_B_110,1
1B,p7390,high,24,3,high_A_010,1
1B,p742227,high,1,1,high_A_001,0
1B,p742227,high,2,1,high_B_111,0
1B,p742227,high,3,1,high_A_000,1
1B,p742227,high,4,1,high_B_110,1
1B,p742227,high,5,1,high_B_101,1
1B,p742227,high,6,1,high_A_000,1
1B,p742227,high,7,1,high_B_111,1
1B,p742227,high,8,1,high_A_010,1
1B,p742227,high,9,2,high_B_110,1
1B,p742227,high,10,2,high_A_000,1
1B,p742227,high,11,2,high_B_111,1
1B,p742227,high,12,2,high_B_101,0
1B,p742227,high,13,2,high_B_111,1
1B,p742227,high,14,2,high_A_000,1
1B,p742227,high,15,2,high_A_010,1
1B,p742227,high,16,2,high_A_001,1
1B,p742227,high,17,3,high_A_000,1
1B,p742227,high,18,3,high_A_000,1
1B,p742227,high,19,3,high_B_111,1
1B,p742227,high,20,3,high_B_110,1
1B,p742227,high,21,3,high_B_111,1
1B,p742227,high,22,3,high_A_001,1
1B,p742227,high,23,3,high_A_010,0
1B,p742227,high,24,3,high_B_101,1
1B,p756846,low,1,1,low_B_111,1
1B,p756846,low,2,1,low_B_111,1
1B,p756846,low,3,1,low_A_001,1
1B,p756846,low,4,1,low_B_101,1
1B,p756846,low,5,1,low_A_010,0
1B,p756846,low,6,1,low_A_000,0
1B,p756846,low,7,1,low_A_000,1
1B,p756846,low,8,1,low_B_110,0
1B,p756846,low,9,2,low_B_101,1
1B,p756846,low,10,2,low_A_000,1
1B,p756846,low,11,2,low_A_010,1
1B,p756846,low,12,2,low_B_111,1
1B,p756846,low,13,2,low_B_111,1
1B,p756846,low,14,2,low_A_000,1
1B,p756846,low,15,2,low_B_110,1
1B,p756846,low,16,2,low_A_001,1
1B,p756846,low,17,3,low_B_111,1
1B,p756846,low,18,3,low_B_110,0
1B,p756846,low,19,3,low_A_001,1
1B,p756846,low,20,3,low_A_000,1
1B,p756846,low,21,3,low_B_111,1
1B,p756846,low,22,3,low_A_010,1
1B,p756846,low,23,3,low_A_000,1
1B,p756846,low,24,3,low_B_101,1
1B,p765093,high,1,1,high_A_010,1
1B,p765093,high,2,1,high_B_110,1
1B,p765093,high,3,1,high_B_111,1
1B,p765093,high,4,1,high_A_000,1
1B,p765093,high,5,1,high_B_111,1
1B,p765093,high,6,1,high_A_001,1
1B,p765093,high,7,1,high_A_000,1
1B,p765093,high,8,1,high_B_101,0
1B,p765093,high,9,2,high_B_111,1
1B,p765093,high,10,2,high_A_010,0
1B,p765093,high,11,2,high_B_101,0
1B,p765093,high,12,2,high_A_000,1
1B,p765093,high,13,2,high_B_110,1
1B,p765093,high,14,2,high_A_001,0
1B,p765093,high,15,2,high_A_000,1
1B,p765093,high,16,2,high_B_111,1
1B,p765093,high,17,3,high_A_010,0
1B,p765093,high,18,3,high_B_101,1
1B,p765093,high,19,3,high_A_000,1
1B,p765093,high,20,3,high_B_111,1
1B,p765093,high,21,3,high_A_001,1
1B,p765093,high,22,3,high_B_111,1
1B,p765093,high,23,3,high_B_110,1
1B,p765093,high,24,3,high_A_000,1
1B,p79029,low,1,1,low_B_101,0
1B,p79029,low,2,1,low_A_000,0
1B,p79029,low,3,1,low_A_000,1
1B,p79029,low,4,1,low_B_111,1
1B,p79029,low,5,1,low_A_010,1
1B,p79029,low,6,1,low_A_001,0
1B,p79029,low,7,1,low_B_111,0
1B,p79029,low,8,1,low_B_110,0
1B,p79029,low,9,2,low_A_001,1
1B,p79029,low,10,2,low_B_101,0
1B,p79029,low,11,2,low_A_000,0
1B,p79029,low,12,2,low_A_010,1
1B,p79029,low,13,2,low_B_111,1
1B,p79029,low,14,2,low_B_110,0
1B,p79029,low,15,2,low_B_111,1
1B,p79029,low,16,2,low_A_000,1
1B,p79029,low,17,3,low_A_000,1
1B,p79029,low,18,3,low_B_110,1
1B,p79029,low,19,3,low_B_101,0
1B,p79029,low,20,3,low_A_001,1
1B,p79029,low,21,3,low_A_010,1
1B,p79029,low,22,3,low_B_111,1
1B,p79029,low,23,3,low_B_111,1
1B,p79029,low,24,3,low_A_000,1
1B,p81680,high,1,1,high_B_101,0
1B,p81680,high,2,1,high_A_000,0
1B,p81680,high,3,1,high_B_110,1
1B,p81680,high,4,1,high_B_111,1
1B,p81680,high,5,1,high_B_111,1
1B,p81680,high,6,1,high_A_001,1
1B,p81680,high,7,1,high_A_000,1
1B,p81680,high,8,1,high_A_010,0
1B,p81680,high,9,2,high_B_110,0
1B,p81680,high,10,2,high_B_111,1
1B,p81680,high,11,2,high_A_000,1
1B,p81680,high,12,2,high_B_101,1
1B,p81680,high,13,2,high_A_000,1
1B,p81680,high,14,2,high_B_111,1
1B,p81680,high,15,2,high_A_001,1
1B,p81680,high,16,2,high_A_010,1
1B,p81680,high,17,3,high_B_111,1
1B,p81680,high,18,3,high_A_000,1
1B,p81680,high,19,3,high_B_110,1
1B,p81680,high,20,3,high_A_001,1
1B,p81680,high,21,3,high_A_010,1
1B,p81680,high,22,3,high_A_000,1
1B,p81680,high,23,3,high_B_101,1
1B,p81680,high,24,3,high_B_111,1
1B,p837559,high,1,1,high_B_101,0
1B,p837559,high,2,1,high_A_000,1
1B,p837559,high,3,1,high_B_111,1
1B,p837559,high,4,1,high_B_110,0
1B,p837559,high,5,1,high_A_010,0
1B,p837559,high,6,1,high_B_111,0
1B,p837559,high,7,1,high_A_001,0
1B,p837559,high,8,1,high_A_000,1
1B,p837559,high,9,2,high_A_010,1
1B,p837559,high,10,2,high_B_110,0
1B,p837559,high,11,2,high_B_111,1
1B,p837559,high,12,2,high_B_101,1
1B,p837559,high,13,2,high_A_000,1
1B,p837559,high,14,2,high_A_000,1
1B,p837559,high,15,2,high_A_001,1
1B,p837559,high,16,2,high_B_111,1
1B,p837559,high,17,3,high_B_111,1
1B,p837559,high,18,3,high_B_101,1
1B,p837559,high,19,3,high_A_010,1
1B,p837559,high,20,3,high_A_001,1
1B,p837559,high,21,3,high_A_000,1
1B,p837559,high,22,3,high_B_110,1
1B,p837559,high,23,3,high_B_111,1
1B,p837559,high,24,3,high_A_000,1
1B,p847637,low,1,1,low_B_111,1
1B,p847637,low,2,1,low_A_001,1
1B,p847637,low,3,1,low_A_000,0
1B,p847637,low,4,1,low_B_101,0
1B,p847637,low,5,1,low_A_000,0
1B,p847637,low,6,1,low_B_111,1
1B,p847637,low,7,1,low_A_010,1
1B,p847637,low,8,1,low_B_110,1
1B,p847637,low,9,2,low_B_111,1
1B,p847637,low,10,2,low_B_101,0
1B,p847637,low,11,2,low_B_110,1
1B,p847637,low,12,2,low_A_000,0
1B,p847637,low,13,2,low_A_001,1
1B,p847637,low,14,2,low_A_000,1
1B,p847637,low,15,2,low_A_010,0
1B,p847637,low,16,2,low_B_111,1
1B,p847637,low,17,3,low_A_001,1
1B,p847637,low,18,3,low_A_000,1
1B,p847637,low,19,3,low_B_111,1
1B,p847637,low,20,3,low_A_010,1
1B,p847637,low,21,3,low_B_101,1
1B,p847637,low,22,3,low_A_000,1
1B,p847637,low,23,3,low_B_110,1
1B,p847637,low,24,3,low_B_111,1
1B,p872286,low,1,1,low_B_101,1
1B,p872286,low,2,1,low_A_001,1
1B,p872286,low,3,1,low_B_110,1
1B,p872286,low,4,1,low_A_000,1
1B,p872286,low,5,1,low_B_111,1
1B,p872286,low,6,1,low_B_111,1
1B,p872286,low,7,1,low_A_000,1
1B,p872286,low,8,1,low_A_010,1
1B,p872286,low,9,2,low_B_111,0
1B,p872286,low,10,2,low_B_101,0
1B,p872286,low,11,2,low_B_110,0
1B,p872286,low,12,2,low_A_010,0
1B,p872286,low,13,2,low_A_000,0
1B,p872286,low,14,2,low_A_000,1
1B,p872286,low,15,2,low_B_111,1
1B,p872286,low,16,2,low_A_001,1
1B,p872286,low,17,3,low_A_000,1
1B,p872286,low,18,3,low_B_111,1
1B,p872286,low,19,3,low_A_010,0
1B,p872286,low,20,3,low_A_001,1
1B,p872286,low,21,3,low_B_101,0
1B,p872286,low,22,3,low_B_110,1
1B,p872286,low,23,3,low_A_000,1
1B,p872286,low,24,3,low_B_111,1
1B,p881419,high,1,1,high_A_000,1
1B,p881419,high,2,1,high_B_111,1
1B,p881419,high,3,1,high_A_010,1
1B,p881419,high,4,1,high_A_000,1
1B,p881419,high,5,1,high_B_111,1
1B,p881419,high,6,1,high_B_110,1
1B,p881419,high,7,1,high_A_001,1
1B,p881419,high,8,1,high_B_101,1
1B,p881419,high,9,2,high_B_110,1
1B,p881419,high,10,2,high_A_010,1
1B,p881419,high,11,2,high_A_001,1
1B,p881419,high,12,2,high_A_000,1
1B,p881419,high,13,2,high_A_000,1
1B,p881419,high,14,2,high_B_111,1
1B,p881419,high,15,2,high_B_101,1
1B,p881419,high,16,2,high_B_111,1
1B,p881419,high,17,3,high_A_010,1
1B,p881419,high,18,3,high_B_111,1
1B,p881419,high,19,3,high_B_101,1
1B,p881419,high,20,3,high_A_000,1
1B,p881419,high,21,3,high_B_111,1
1B,p881419,high,22,3,high_B_110,1
1B,p881419,high,23,3,high_A_000,1
1B,p881419,high,24,3,high_A_001,1
1B,p884130,low,1,1,low_A_001,1
1B,p884130,low,2,1,low_B_111,1
1B,p884130,low,3,1,low_B_101,0
1B,p884130,low,4,1,low_A_000,1
1B,p884130,low,5,1,low_B_110,1
1B,p884130,low,6,1,low_B_111,1
1B,p884130,low,7,1,low_A_010,1
1B,p884130,low,8,1,low_A_000,1
1B,p884130,low,9,2,low_A_000,1
1B,p884130,low,10,2,low_B_111,1
1B,p884130,low,11,2,low_A_010,1
1B,p884130,low,12,2,low_A_001,1
1B,p884130,low,13,2,low_B_110,0
1B,p884130,low,14,2,low_B_101,0
1B,p884130,low,15,2,low_A_000,1
1B,p884130,low,16,2,low_B_111,1
1B,p884130,low,17,3,low_A_000,1
1B,p884130,low,18,3,low_B_110,0
1B,p884130,low,19,3,low_B_111,1
1B,p884130,low,20,3,low_B_111,1
1B,p884130,low,21,3,low_A_001,1
1B,p884130,low,22,3,low_A_010,1
1B,p884130,low,23,3,low_B_101,0
1B,p884130,low,24,3,low_A_000,1
1B,p90211,low,1,1,low_A_001,1
1B,p90211,low,2,1,low_B_111,1
1B,p90211,low,3,1,low_A_000,1
1B,p90211,low,4,1,low_A_000,1
1B,p90211,low,5,1,low_B_111,1
1B,p90211,low,6,1,low_A_010,0
1B,p90211,low,7,1,low_B_101,0
1B,p90211,low,8,1,low_B_110,0
1B,p90211,low,9,2,low_A_010,0
1B,p90211,low,10,2,low_B_111,1
1B,p90211,low,11,2,low_A_000,1
1B,p90211,low,12,2,low_B_110,1
1B,p90211,low,13,2,low_A_000,1
1B,p90211,low,14,2,low_A_001,1
1B,p90211,low,15,2,low_B_111,1
1B,p90211,low,16,2,low_B_101,0
1B,p90211,low,17,3,low_A_001,1
1B,p90211,low,18,3,low_A_000,0
1B,p90211,low,19,3,low_B_111,1
1B,p90211,low,20,3,low_B_111,1
1B,p90211,low,21,3,low_A_010,1
1B,p90211,low,22,3,low_A_000,1
1B,p90211,low,23,3,low_B_110,1
1B,p90211,low,24,3,low_B_101,0
1B,p908706,high,1,1,high_B_111,0
1B,p908706,high,2,1,high_B_111,1
1B,p908706,high,3,1,high_B_110,1
1B,p908706,high,4,1,high_A_000,0
1B,p908706,high,5,1,high_A_001,1
1B,p908706,high,6,1,high_A_010,0
1B,p908706,high,7,1,high_B_101,0
1B,p908706,high,8,1,high_A_000,1
1B,p908706,high,9,2,high_A_010,0
1B,p908706,high,10,2,high_B_111,1
1B,p908706,high,11,2,high_B_110,0
1B,p908706,high,12,2,high_A_001,0
1B,p908706,high,13,2,high_A_000,1
1B,p908706,high,14,2,high_B_111,1
1B,p908706,high,15,2,high_B_101,0
1B,p908706,high,16,2,high_A_000,1
1B,p908706,high,17,3,high_A_000,1
1B,p908706,high,18,3,high_A_010,1
1B,p908706,high,19,3,high_B_110,0
1B,p908706,high,20,3,high_A_000,1
1B,p908706,high,21,3,high_B_111,1
1B,p908706,high,22,3,high_B_101,1
1B,p908706,high,23,3,high_A_001,0
1B,p908706,high,24,3,high_B_111,1
1B,p938065,high,1,1,high_B_111,0
1B,p938065,high,2,1,high_A_010,0
1B,p938065,high,3,1,high_B_111,1
1B,p938065,high,4,1,high_B_101,1
1B,p938065,high,5,1,high_A_001,0
1B,p938065,high,6,1,high_B_110,1
1B,p938065,high,7,1,high_A_000,1
1B,p938065,high,8,1,high_A_000,1
1B,p938065,high,9,2,high_A_010,1
1B,p938065,high,10,2,high_A_000,1
1B,p938065,high,11,2,high_B_101,1
1B,p938065,high,12,2,high_B_111,1
1B,p938065,high,13,2,high_B_110,1
1B,p938065,high,14,2,high_B_111,1
1B,p938065,high,15,2,high_A_001,1
1B,p938065,high,16,2,high_A_000,1
1B,p938065,high,17,3,high_B_111,1
1B,p938065,high,18,3,high_B_111,1
1B,p938065,high,19,3,high_B_101,1
1B,p938065,high,20,3,high_A_000,1
1B,p938065,high,21,3,high_B_110,1
1B,p938065,high,22,3,high_A_010,1
1B,p938065,high,23,3,high_A_001,1
1B,p938065,high,24,3,high_A_000,1
1B,p939616,low,1,1,low_A_010,0
1B,p939616,low,2,1,low_B_111,0
1B,p939616,low,3,1,low_A_001,0
1B,p939616,low,4,1,low_B_101,0
1B,p939616,low,5,1,low_B_110,1
1B,p939616,low,6,1,low_B_111,0
1B,p939616,low,7,1,low_A_000,1
1B,p939616,low,8,1,low_A_000,1
1B,p939616,low,9,2,low_B_101,0
1B,p939616,low,10,2,low_B_111,1
1B,p939616,low,11,2,low_A_000,1
1B,p939616,low,12,2,low_B_111,0
1B,p939616,low,13,2,low_A_010,0
1B,p939616,low,14,2,low_A_001,1
1B,p939616,low,15,2,low_B_110,1
1B,p939616,low,16,2,low_A_000,1
1B,p939616,low,17,3,low_B_110,1
1B,p939616,low,18,3,low_A_000,0
1B,p939616,low,19,3,low_A_001,0
1B,p939616,low,20,3,low_B_101,1
1B,p939616,low,21,3,low_A_000,0
1B,p939616,low,22,3,low_B_111,0
1B,p939616,low,23,3,low_A_010,0
1B,p939616,low,24,3,low_B_111,0
1B,p954855,low,1,1,low_A_000,1
1B,p954855,low,2,1,low_B_111,1
1B,p954855,low,3,1,low_B_111,1
1B,p954855,low,4,1,low_A_001,0
1B,p954855,low,5,1,low_A_010,0
1B,p954855,low,6,1,low_B_110,1
1B,p954855,low,7,1,low_A_000,1
1B,p954855,low,8,1,low_B_101,0
1B,p954855,low,9,2,low_B_110,1
1B,p954855,low,10,2,low_A_000,1
1B,p954855,low,11,2,low_A_000,1
1B,p954855,low,12,2,low_B_101,1
1B,p954855,low,13,2,low_A_001,1
1B,p954855,low,14,2,low_B_111,1
1B,p954855,low,15,2,low_A_010,0
1B,p954855,low,16,2,low_B_111,1
1B,p954855,low,17,3,low_A_010,0
1B,p954855,low,18,3,low_B_101,0
1B,p954855,low,19,3,low_A_001,1
1B,p954855,low,20,3,low_A_000,1
1B,p954855,low,21,3,low_A_000,1
1B,p954855,low,22,3,low_B_110,1
1B,p954855,low,23,3,low_B_111,1
1B,p954855,low,24,3,low_B_111,1
1B,p964545,high,1,1,high_A_010,1
1B,p964545,high,2,1,high_B_111,0
1B,p964545,high,3,1,high_B_110,0
1B,p964545,high,4,1,high_A_000,0
1B,p964545,high,5,1,high_B_111,1
1B,p964545,high,6,1,high_A_001,0
1B,p964545,high,7,1,high_A_000,1
1B,p964545,high,8,1,high_B_101,0
1B,p964545,high,9,2,high_B_111,1
1B,p964545,high,10,2,high_A_001,1
1B,p964545,high,11,2,high_B_111,1
1B,p964545,high,12,2,high_A_000,1
1B,p964545,high,13,2,high_B_110,1
1B,p964545,high,14,2,high_A_000,1
1B,p964545,high,15,2,high_A_010,0
1B,p964545,high,16,2,high_B_101,1
1B,p964545,high,17,3,high_A_010,0
1B,p964545,high,18,3,high_A_001,0
1B,p964545,high,19,3,high_B_101,1
1B,p964545,high,20,3,high_B_110,1
1B,p964545,high,21,3,high_A_000,1
1B,p964545,high,22,3,high_B_111,1
1B,p964545,high,23,3,high_B_111,1
1B,p964545,high,24,3,high_A_000,1
1B,p967728,high,1,1,high_B_110,1
1B,p967728,high,2,1,high_A_000,1
1B,p967728,high,3,1,high_A_001,1
1B,p967728,high,4,1,high_A_000,1
1B,p967728,high,5,1,high_B_101,1
1B,p967728,high,6,1,high_B_111,1
1B,p967728,high,7,1,high_B_111,1
1B,p967728,high,8,1,high_A_010,1
1B,p967728,high,9,2,high_B_111,1
1B,p967728,high,10,2,high_A_001,1
1B,p967728,high,11,2,high_A_000,1
1B,p967728,high,12,2,high_A_010,0
1B,p967728,high,13,2,high_B_110,1
1B,p967728,high,14,2,high_B_111,1
1B,p967728,high,15,2,high_B_101,1
1B,p967728,high,16,2,high_A_000,1
1B,p967728,high,17,3,high_B_111,1
1B,p967728,high,18,3,high_A_000,1
1B,p967728,high,19,3,high_A_000,1
1B,p967728,high,20,3,high_B_111,1
1B,p967728,high,21,3,high_B_110,1
1B,p967728,high,22,3,high_A_010,1
1B,p967728,high,23,3,high_B_101,1
1B,p967728,high,24,3,high_A_001,1
1B,p975571,high,1,1,high_A_000,0
1B,p975571,high,2,1,high_B_111,1
1B,p975571,high,3,1,high_A_000,1
1B,p975571,high,4,1,high_A_010,1
1B,p975571,high,5,1,high_B_110,1
1B,p975571,high,6,1,high_B_111,1
1B,p975571,high,7,1,high_A_001,1
1B,p975571,high,8,1,high_B_101,1
1B,p975571,high,9,2,high_A_001,1
1B,p975571,high,10,2,high_B_111,1
1B,p975571,high,11,2,high_B_101,1
1B,p975571,high,12,2,high_A_000,1
1B,p975571,high,13,2,high_A_000,1
1B,p975571,high,14,2,high_B_111,1
1B,p975571,high,15,2,high_B_110,1
1B,p975571,high,16,2,high_A_010,1
1B,p975571,high,17,3,high_A_000,1
1B,p975571,high,18,3,high_A_000,1
1B,p975571,high,19,3,high_B_111,1
1B,p975571,high,20,3,high_B_110,1
1B,p975571,high,21,3,high_A_010,1
1B,p975571,high,22,3,high_A_001,1
1B,p975571,high,23,3,high_B_111,1
1B,p975571,high,24,3,high_B_101,1
1B,p977529,low,1,1,low_A_001,0
1B,p977529,low,2,1,low_A_010,1
1B,p977529,low,3,1,low_B_110,0
1B,p977529,low,4,1,low_B_111,1
1B,p977529,low,5,1,low_A_000,1
1B,p977529,low,6,1,low_A_000,1
1B,p977529,low,7,1,low_B_111,1
1B,p977529,low,8,1,low_B_101,0
1B,p977529,low,9,2,low_A_010,0
1B,p977529,low,10,2,low_B_110,0
1B,p977529,low,11,2,low_A_000,0
1B,p977529,low,12,2,low_B_101,0
1B,p977529,low,13,2,low_B_111,1
1B,p977529,low,14,2,low_B_111,1
1B,p977529,low,15,2,low_A_001,1
1B,p977529,low,16,2,low_A_000,0
1B,p977529,low,17,3,low_B_111,1
1B,p977529,low,18,3,low_B_101,0
1B,p977529,low,19,3,low_B_110,1
1B,p977529,low,20,3,low_B_111,1
1B,p977529,low,21,3,low_A_001,0
1B,p977529,low,22,3,low_A_000,0
1B,p977529,low,23,3,low_A_010,0
1B,p977529,low,24,3,low_A_000,1
